{
    "metrics": {
        "nbClusters": 5, 
        "silhouette": 0.07724994535034471, 
        "inertia": 55569.14702736699
    }, 
    "reduce_vars": [], 
    "train_nb_features": 74, 
    "train_nb_records": 3333, 
    "summary": {
        "clusters": []
    }, 
    "variables_importance": {
        "variables": [
            "Account Length", 
            "Area Code", 
            "Churn?", 
            "CustServ Calls", 
            "Day Calls", 
            "Day_Charge", 
            "Day_Mins", 
            "Eve Calls", 
            "Eve_Charge", 
            "Eve_Mins", 
            "Int'l Plan", 
            "Intl Calls", 
            "Intl_Charge", 
            "Intl_Mins", 
            "Night Calls", 
            "Night_Charge", 
            "Night_Mins", 
            "Total_Charge", 
            "Total_min", 
            "VMail Message", 
            "VMail Plan", 
            "dummy:State:WV", 
            "dummy:State:MN", 
            "dummy:State:NY", 
            "dummy:State:AL", 
            "dummy:State:WI", 
            "dummy:State:OH", 
            "dummy:State:OR", 
            "dummy:State:WY", 
            "dummy:State:VA", 
            "dummy:State:CT", 
            "dummy:State:MI", 
            "dummy:State:ID", 
            "dummy:State:VT", 
            "dummy:State:TX", 
            "dummy:State:UT", 
            "dummy:State:IN", 
            "dummy:State:KS", 
            "dummy:State:MD", 
            "dummy:State:MT", 
            "dummy:State:NJ", 
            "dummy:State:NC", 
            "dummy:State:NV", 
            "dummy:State:WA", 
            "dummy:State:CO", 
            "dummy:State:MS", 
            "dummy:State:RI", 
            "dummy:State:MA", 
            "dummy:State:AZ", 
            "dummy:State:MO", 
            "dummy:State:FL", 
            "dummy:State:NM", 
            "dummy:State:ME", 
            "dummy:State:ND", 
            "dummy:State:DE", 
            "dummy:State:OK", 
            "dummy:State:NE", 
            "dummy:State:SC", 
            "dummy:State:SD", 
            "dummy:State:KY", 
            "dummy:State:IL", 
            "dummy:State:NH", 
            "dummy:State:AR", 
            "dummy:State:DC", 
            "dummy:State:GA", 
            "dummy:State:TN", 
            "dummy:State:HI", 
            "dummy:State:AK", 
            "dummy:State:LA", 
            "dummy:State:PA", 
            "dummy:State:IA", 
            "dummy:State:CA"
        ], 
        "importances": [
            0.011414263404368453, 
            0.0033891749034672737, 
            0.0475170219850142, 
            0.005659918476148008, 
            0.009769516977764734, 
            0.07622312675849797, 
            0.06132417940918532, 
            0.009223939272644775, 
            0.02944343241915515, 
            0.028000466494829714, 
            0.0031086631627166793, 
            0.007150970541810686, 
            0.010260379934164048, 
            0.010062921139975953, 
            0.01024344454753294, 
            0.07017427164054256, 
            0.061909367176278825, 
            0.12968544112453126, 
            0.12990724714781474, 
            0.11741331017047754, 
            0.13996597442219919, 
            0.0006654782414135057, 
            0.0006359835224966909, 
            0.0007793086627141295, 
            0.0008491767521729848, 
            0.0005115500535715759, 
            0.0005452136543500224, 
            0.0005568692017630306, 
            0.0007923047968755033, 
            0.0006686531491365559, 
            0.0005910456478795101, 
            0.0005647354090751791, 
            0.0005654891636195527, 
            0.0007077937215454124, 
            0.0007465275785713599, 
            0.0006141992758455508, 
            0.0003391861633207874, 
            0.0007539674814661439, 
            0.0005880862583077172, 
            0.0007144633224651331, 
            0.0004788330540348665, 
            0.000639563595198106, 
            0.000673967103628038, 
            0.000488868469944652, 
            0.000422479234539161, 
            0.00040034250682542336, 
            0.0003512949586856106, 
            0.0005176960150128259, 
            0.0006257741165022232, 
            0.0007731325968077251, 
            0.00046559366454620456, 
            0.000552598417211249, 
            0.0005360284636735529, 
            0.0007192648915398888, 
            0.0003656507657964181, 
            0.0005540340952605048, 
            0.000668007547536445, 
            0.0005246078437612034, 
            0.0006058297392381936, 
            0.0003220811577401189, 
            0.0006688016900682774, 
            0.0004426979403843185, 
            0.0004880399323430291, 
            0.0004066006741274084, 
            0.0005069190345630852, 
            0.0003949382695845055, 
            0.00045456874432630163, 
            0.0004892306588294691, 
            0.00039534666467536594, 
            0.00039390101284073764, 
            0.0003281134582764816, 
            0.0003081305167883679
        ]
    }, 
    "processed_feature_names": [
        "Account Length", 
        "Area Code", 
        "Churn?", 
        "CustServ Calls", 
        "Day Calls", 
        "Day_Charge", 
        "Day_Mins", 
        "Eve Calls", 
        "Eve_Charge", 
        "Eve_Mins", 
        "Int'l Plan", 
        "Intl Calls", 
        "Intl_Charge", 
        "Intl_Mins", 
        "Night Calls", 
        "Night_Charge", 
        "Night_Mins", 
        "Total_Charge", 
        "Total_min", 
        "VMail Message", 
        "VMail Plan", 
        "dummy:State:WV", 
        "dummy:State:MN", 
        "dummy:State:NY", 
        "dummy:State:AL", 
        "dummy:State:WI", 
        "dummy:State:OH", 
        "dummy:State:OR", 
        "dummy:State:WY", 
        "dummy:State:VA", 
        "dummy:State:CT", 
        "dummy:State:MI", 
        "dummy:State:ID", 
        "dummy:State:VT", 
        "dummy:State:TX", 
        "dummy:State:UT", 
        "dummy:State:IN", 
        "dummy:State:KS", 
        "dummy:State:MD", 
        "dummy:State:MT", 
        "dummy:State:NJ", 
        "dummy:State:NC", 
        "dummy:State:NV", 
        "dummy:State:WA", 
        "dummy:State:CO", 
        "dummy:State:MS", 
        "dummy:State:RI", 
        "dummy:State:MA", 
        "dummy:State:AZ", 
        "dummy:State:MO", 
        "dummy:State:FL", 
        "dummy:State:NM", 
        "dummy:State:ME", 
        "dummy:State:ND", 
        "dummy:State:DE", 
        "dummy:State:OK", 
        "dummy:State:NE", 
        "dummy:State:SC", 
        "dummy:State:SD", 
        "dummy:State:KY", 
        "dummy:State:IL", 
        "dummy:State:NH", 
        "dummy:State:AR", 
        "dummy:State:DC", 
        "dummy:State:GA", 
        "dummy:State:TN", 
        "dummy:State:HI", 
        "dummy:State:AK", 
        "dummy:State:LA", 
        "dummy:State:PA", 
        "dummy:State:IA", 
        "dummy:State:CA", 
        "dummy:State:N/A", 
        "dummy:State:__Others__"
    ], 
    "train_nb_outliers": 0, 
    "cluster_description": [
        {
            "variable": "dummy:State:WV", 
            "var": 0.0, 
            "values": [
                {
                    "cluster": "cluster_0", 
                    "value": 0.015267175572519083
                }, 
                {
                    "cluster": "cluster_1", 
                    "value": 0.02621231979030144
                }, 
                {
                    "cluster": "cluster_2", 
                    "value": 0.0329512893982808
                }, 
                {
                    "cluster": "cluster_3", 
                    "value": 0.027809965237543453
                }, 
                {
                    "cluster": "cluster_4", 
                    "value": 0.04685408299866131
                }
            ]
        }, 
        {
            "variable": "dummy:State:MN", 
            "var": 0.0, 
            "values": [
                {
                    "cluster": "cluster_0", 
                    "value": 0.03435114503816794
                }, 
                {
                    "cluster": "cluster_1", 
                    "value": 0.02490170380078637
                }, 
                {
                    "cluster": "cluster_2", 
                    "value": 0.014326647564469915
                }, 
                {
                    "cluster": "cluster_3", 
                    "value": 0.030127462340672075
                }, 
                {
                    "cluster": "cluster_4", 
                    "value": 0.02677376171352075
                }
            ]
        }, 
        {
            "variable": "dummy:State:NY", 
            "var": 0.0, 
            "values": [
                {
                    "cluster": "cluster_0", 
                    "value": 0.026717557251908396
                }, 
                {
                    "cluster": "cluster_1", 
                    "value": 0.01703800786369594
                }, 
                {
                    "cluster": "cluster_2", 
                    "value": 0.022922636103151862
                }, 
                {
                    "cluster": "cluster_3", 
                    "value": 0.02433371958285052
                }, 
                {
                    "cluster": "cluster_4", 
                    "value": 0.03480589022757698
                }
            ]
        }, 
        {
            "variable": "dummy:State:AL", 
            "var": 0.0, 
            "values": [
                {
                    "cluster": "cluster_0", 
                    "value": 0.019083969465648856
                }, 
                {
                    "cluster": "cluster_1", 
                    "value": 0.019659239842726082
                }, 
                {
                    "cluster": "cluster_2", 
                    "value": 0.03868194842406877
                }, 
                {
                    "cluster": "cluster_3", 
                    "value": 0.016222479721900347
                }, 
                {
                    "cluster": "cluster_4", 
                    "value": 0.025435073627844713
                }
            ]
        }, 
        {
            "variable": "dummy:State:WI", 
            "var": 0.0, 
            "values": [
                {
                    "cluster": "cluster_0", 
                    "value": 0.011450381679389313
                }, 
                {
                    "cluster": "cluster_1", 
                    "value": 0.02490170380078637
                }, 
                {
                    "cluster": "cluster_2", 
                    "value": 0.024355300859598854
                }, 
                {
                    "cluster": "cluster_3", 
                    "value": 0.02549246813441483
                }, 
                {
                    "cluster": "cluster_4", 
                    "value": 0.022757697456492636
                }
            ]
        }, 
        {
            "variable": "dummy:State:OH", 
            "var": 0.0, 
            "values": [
                {
                    "cluster": "cluster_0", 
                    "value": 0.022900763358778626
                }, 
                {
                    "cluster": "cluster_1", 
                    "value": 0.03407601572739188
                }, 
                {
                    "cluster": "cluster_2", 
                    "value": 0.02005730659025788
                }, 
                {
                    "cluster": "cluster_3", 
                    "value": 0.02433371958285052
                }, 
                {
                    "cluster": "cluster_4", 
                    "value": 0.014725568942436412
                }
            ]
        }, 
        {
            "variable": "dummy:State:OR", 
            "var": 0.0, 
            "values": [
                {
                    "cluster": "cluster_0", 
                    "value": 0.03435114503816794
                }, 
                {
                    "cluster": "cluster_1", 
                    "value": 0.019659239842726082
                }, 
                {
                    "cluster": "cluster_2", 
                    "value": 0.025787965616045846
                }, 
                {
                    "cluster": "cluster_3", 
                    "value": 0.019698725376593278
                }, 
                {
                    "cluster": "cluster_4", 
                    "value": 0.025435073627844713
                }
            ]
        }, 
        {
            "variable": "dummy:State:WY", 
            "var": 0.0, 
            "values": [
                {
                    "cluster": "cluster_0", 
                    "value": 0.026717557251908396
                }, 
                {
                    "cluster": "cluster_1", 
                    "value": 0.01703800786369594
                }, 
                {
                    "cluster": "cluster_2", 
                    "value": 0.025787965616045846
                }, 
                {
                    "cluster": "cluster_3", 
                    "value": 0.028968713789107765
                }, 
                {
                    "cluster": "cluster_4", 
                    "value": 0.018741633199464525
                }
            ]
        }, 
        {
            "variable": "dummy:State:VA", 
            "var": 0.0, 
            "values": [
                {
                    "cluster": "cluster_0", 
                    "value": 0.007633587786259542
                }, 
                {
                    "cluster": "cluster_1", 
                    "value": 0.019659239842726082
                }, 
                {
                    "cluster": "cluster_2", 
                    "value": 0.024355300859598854
                }, 
                {
                    "cluster": "cluster_3", 
                    "value": 0.03476245654692932
                }, 
                {
                    "cluster": "cluster_4", 
                    "value": 0.01740294511378849
                }
            ]
        }, 
        {
            "variable": "dummy:State:CT", 
            "var": 0.0, 
            "values": [
                {
                    "cluster": "cluster_0", 
                    "value": 0.030534351145038167
                }, 
                {
                    "cluster": "cluster_1", 
                    "value": 0.020969855832241154
                }, 
                {
                    "cluster": "cluster_2", 
                    "value": 0.01862464183381089
                }, 
                {
                    "cluster": "cluster_3", 
                    "value": 0.019698725376593278
                }, 
                {
                    "cluster": "cluster_4", 
                    "value": 0.02677376171352075
                }
            ]
        }, 
        {
            "variable": "dummy:State:MI", 
            "var": 0.0, 
            "values": [
                {
                    "cluster": "cluster_0", 
                    "value": 0.026717557251908396
                }, 
                {
                    "cluster": "cluster_1", 
                    "value": 0.02490170380078637
                }, 
                {
                    "cluster": "cluster_2", 
                    "value": 0.017191977077363897
                }, 
                {
                    "cluster": "cluster_3", 
                    "value": 0.02085747392815759
                }, 
                {
                    "cluster": "cluster_4", 
                    "value": 0.022757697456492636
                }
            ]
        }, 
        {
            "variable": "dummy:State:ID", 
            "var": 0.0, 
            "values": [
                {
                    "cluster": "cluster_0", 
                    "value": 0.011450381679389313
                }, 
                {
                    "cluster": "cluster_1", 
                    "value": 0.0327653997378768
                }, 
                {
                    "cluster": "cluster_2", 
                    "value": 0.017191977077363897
                }, 
                {
                    "cluster": "cluster_3", 
                    "value": 0.01738122827346466
                }, 
                {
                    "cluster": "cluster_4", 
                    "value": 0.024096385542168676
                }
            ]
        }, 
        {
            "variable": "dummy:State:VT", 
            "var": 0.0, 
            "values": [
                {
                    "cluster": "cluster_0", 
                    "value": 0.022900763358778626
                }, 
                {
                    "cluster": "cluster_1", 
                    "value": 0.01834862385321101
                }, 
                {
                    "cluster": "cluster_2", 
                    "value": 0.025787965616045846
                }, 
                {
                    "cluster": "cluster_3", 
                    "value": 0.028968713789107765
                }, 
                {
                    "cluster": "cluster_4", 
                    "value": 0.013386880856760375
                }
            ]
        }, 
        {
            "variable": "dummy:State:TX", 
            "var": 0.0, 
            "values": [
                {
                    "cluster": "cluster_0", 
                    "value": 0.04198473282442748
                }, 
                {
                    "cluster": "cluster_1", 
                    "value": 0.019659239842726082
                }, 
                {
                    "cluster": "cluster_2", 
                    "value": 0.02005730659025788
                }, 
                {
                    "cluster": "cluster_3", 
                    "value": 0.012746234067207415
                }, 
                {
                    "cluster": "cluster_4", 
                    "value": 0.028112449799196786
                }
            ]
        }, 
        {
            "variable": "dummy:State:UT", 
            "var": 0.0, 
            "values": [
                {
                    "cluster": "cluster_0", 
                    "value": 0.022900763358778626
                }, 
                {
                    "cluster": "cluster_1", 
                    "value": 0.01834862385321101
                }, 
                {
                    "cluster": "cluster_2", 
                    "value": 0.027220630372492838
                }, 
                {
                    "cluster": "cluster_3", 
                    "value": 0.015063731170336037
                }, 
                {
                    "cluster": "cluster_4", 
                    "value": 0.02677376171352075
                }
            ]
        }, 
        {
            "variable": "dummy:State:IN", 
            "var": 0.0, 
            "values": [
                {
                    "cluster": "cluster_0", 
                    "value": 0.019083969465648856
                }, 
                {
                    "cluster": "cluster_1", 
                    "value": 0.022280471821756225
                }, 
                {
                    "cluster": "cluster_2", 
                    "value": 0.025787965616045846
                }, 
                {
                    "cluster": "cluster_3", 
                    "value": 0.02549246813441483
                }, 
                {
                    "cluster": "cluster_4", 
                    "value": 0.012048192771084338
                }
            ]
        }, 
        {
            "variable": "dummy:State:KS", 
            "var": 0.0, 
            "values": [
                {
                    "cluster": "cluster_0", 
                    "value": 0.03435114503816794
                }, 
                {
                    "cluster": "cluster_1", 
                    "value": 0.023591087811271297
                }, 
                {
                    "cluster": "cluster_2", 
                    "value": 0.017191977077363897
                }, 
                {
                    "cluster": "cluster_3", 
                    "value": 0.0220162224797219
                }, 
                {
                    "cluster": "cluster_4", 
                    "value": 0.01606425702811245
                }
            ]
        }, 
        {
            "variable": "dummy:State:MD", 
            "var": 0.0, 
            "values": [
                {
                    "cluster": "cluster_0", 
                    "value": 0.04198473282442748
                }, 
                {
                    "cluster": "cluster_1", 
                    "value": 0.020969855832241154
                }, 
                {
                    "cluster": "cluster_2", 
                    "value": 0.025787965616045846
                }, 
                {
                    "cluster": "cluster_3", 
                    "value": 0.016222479721900347
                }, 
                {
                    "cluster": "cluster_4", 
                    "value": 0.014725568942436412
                }
            ]
        }, 
        {
            "variable": "dummy:State:MT", 
            "var": 0.0, 
            "values": [
                {
                    "cluster": "cluster_0", 
                    "value": 0.019083969465648856
                }, 
                {
                    "cluster": "cluster_1", 
                    "value": 0.023591087811271297
                }, 
                {
                    "cluster": "cluster_2", 
                    "value": 0.01862464183381089
                }, 
                {
                    "cluster": "cluster_3", 
                    "value": 0.016222479721900347
                }, 
                {
                    "cluster": "cluster_4", 
                    "value": 0.024096385542168676
                }
            ]
        }, 
        {
            "variable": "dummy:State:NJ", 
            "var": 0.0, 
            "values": [
                {
                    "cluster": "cluster_0", 
                    "value": 0.04198473282442748
                }, 
                {
                    "cluster": "cluster_1", 
                    "value": 0.022280471821756225
                }, 
                {
                    "cluster": "cluster_2", 
                    "value": 0.017191977077363897
                }, 
                {
                    "cluster": "cluster_3", 
                    "value": 0.023174971031286212
                }, 
                {
                    "cluster": "cluster_4", 
                    "value": 0.0107095046854083
                }
            ]
        }, 
        {
            "variable": "dummy:State:NC", 
            "var": 0.0, 
            "values": [
                {
                    "cluster": "cluster_0", 
                    "value": 0.026717557251908396
                }, 
                {
                    "cluster": "cluster_1", 
                    "value": 0.022280471821756225
                }, 
                {
                    "cluster": "cluster_2", 
                    "value": 0.027220630372492838
                }, 
                {
                    "cluster": "cluster_3", 
                    "value": 0.019698725376593278
                }, 
                {
                    "cluster": "cluster_4", 
                    "value": 0.0107095046854083
                }
            ]
        }, 
        {
            "variable": "dummy:State:NV", 
            "var": 0.0, 
            "values": [
                {
                    "cluster": "cluster_0", 
                    "value": 0.030534351145038167
                }, 
                {
                    "cluster": "cluster_1", 
                    "value": 0.014416775884665793
                }, 
                {
                    "cluster": "cluster_2", 
                    "value": 0.012893982808022923
                }, 
                {
                    "cluster": "cluster_3", 
                    "value": 0.02549246813441483
                }, 
                {
                    "cluster": "cluster_4", 
                    "value": 0.0214190093708166
                }
            ]
        }, 
        {
            "variable": "dummy:State:WA", 
            "var": 0.0, 
            "values": [
                {
                    "cluster": "cluster_0", 
                    "value": 0.03435114503816794
                }, 
                {
                    "cluster": "cluster_1", 
                    "value": 0.009174311926605505
                }, 
                {
                    "cluster": "cluster_2", 
                    "value": 0.017191977077363897
                }, 
                {
                    "cluster": "cluster_3", 
                    "value": 0.023174971031286212
                }, 
                {
                    "cluster": "cluster_4", 
                    "value": 0.024096385542168676
                }
            ]
        }, 
        {
            "variable": "dummy:State:CO", 
            "var": 0.0, 
            "values": [
                {
                    "cluster": "cluster_0", 
                    "value": 0.019083969465648856
                }, 
                {
                    "cluster": "cluster_1", 
                    "value": 0.020969855832241154
                }, 
                {
                    "cluster": "cluster_2", 
                    "value": 0.015759312320916905
                }, 
                {
                    "cluster": "cluster_3", 
                    "value": 0.01853997682502897
                }, 
                {
                    "cluster": "cluster_4", 
                    "value": 0.024096385542168676
                }
            ]
        }, 
        {
            "variable": "dummy:State:MS", 
            "var": 0.0, 
            "values": [
                {
                    "cluster": "cluster_0", 
                    "value": 0.022900763358778626
                }, 
                {
                    "cluster": "cluster_1", 
                    "value": 0.02490170380078637
                }, 
                {
                    "cluster": "cluster_2", 
                    "value": 0.02005730659025788
                }, 
                {
                    "cluster": "cluster_3", 
                    "value": 0.011587485515643106
                }, 
                {
                    "cluster": "cluster_4", 
                    "value": 0.0214190093708166
                }
            ]
        }, 
        {
            "variable": "dummy:State:RI", 
            "var": 0.0, 
            "values": [
                {
                    "cluster": "cluster_0", 
                    "value": 0.011450381679389313
                }, 
                {
                    "cluster": "cluster_1", 
                    "value": 0.01834862385321101
                }, 
                {
                    "cluster": "cluster_2", 
                    "value": 0.01862464183381089
                }, 
                {
                    "cluster": "cluster_3", 
                    "value": 0.02085747392815759
                }, 
                {
                    "cluster": "cluster_4", 
                    "value": 0.022757697456492636
                }
            ]
        }, 
        {
            "variable": "dummy:State:MA", 
            "var": 0.0, 
            "values": [
                {
                    "cluster": "cluster_0", 
                    "value": 0.022900763358778626
                }, 
                {
                    "cluster": "cluster_1", 
                    "value": 0.022280471821756225
                }, 
                {
                    "cluster": "cluster_2", 
                    "value": 0.01862464183381089
                }, 
                {
                    "cluster": "cluster_3", 
                    "value": 0.0220162224797219
                }, 
                {
                    "cluster": "cluster_4", 
                    "value": 0.013386880856760375
                }
            ]
        }, 
        {
            "variable": "dummy:State:AZ", 
            "var": 0.0, 
            "values": [
                {
                    "cluster": "cluster_0", 
                    "value": 0.007633587786259542
                }, 
                {
                    "cluster": "cluster_1", 
                    "value": 0.023591087811271297
                }, 
                {
                    "cluster": "cluster_2", 
                    "value": 0.027220630372492838
                }, 
                {
                    "cluster": "cluster_3", 
                    "value": 0.013904982618771726
                }, 
                {
                    "cluster": "cluster_4", 
                    "value": 0.01740294511378849
                }
            ]
        }, 
        {
            "variable": "dummy:State:MO", 
            "var": 0.0, 
            "values": [
                {
                    "cluster": "cluster_0", 
                    "value": 0.019083969465648856
                }, 
                {
                    "cluster": "cluster_1", 
                    "value": 0.015727391874180863
                }, 
                {
                    "cluster": "cluster_2", 
                    "value": 0.01862464183381089
                }, 
                {
                    "cluster": "cluster_3", 
                    "value": 0.019698725376593278
                }, 
                {
                    "cluster": "cluster_4", 
                    "value": 0.0214190093708166
                }
            ]
        }, 
        {
            "variable": "dummy:State:FL", 
            "var": 0.0, 
            "values": [
                {
                    "cluster": "cluster_0", 
                    "value": 0.011450381679389313
                }, 
                {
                    "cluster": "cluster_1", 
                    "value": 0.01834862385321101
                }, 
                {
                    "cluster": "cluster_2", 
                    "value": 0.022922636103151862
                }, 
                {
                    "cluster": "cluster_3", 
                    "value": 0.015063731170336037
                }, 
                {
                    "cluster": "cluster_4", 
                    "value": 0.022757697456492636
                }
            ]
        }, 
        {
            "variable": "dummy:State:NM", 
            "var": 0.0, 
            "values": [
                {
                    "cluster": "cluster_0", 
                    "value": 0.007633587786259542
                }, 
                {
                    "cluster": "cluster_1", 
                    "value": 0.011795543905635648
                }, 
                {
                    "cluster": "cluster_2", 
                    "value": 0.02148997134670487
                }, 
                {
                    "cluster": "cluster_3", 
                    "value": 0.026651216685979143
                }, 
                {
                    "cluster": "cluster_4", 
                    "value": 0.01740294511378849
                }
            ]
        }, 
        {
            "variable": "dummy:State:ME", 
            "var": 0.0, 
            "values": [
                {
                    "cluster": "cluster_0", 
                    "value": 0.022900763358778626
                }, 
                {
                    "cluster": "cluster_1", 
                    "value": 0.015727391874180863
                }, 
                {
                    "cluster": "cluster_2", 
                    "value": 0.02148997134670487
                }, 
                {
                    "cluster": "cluster_3", 
                    "value": 0.019698725376593278
                }, 
                {
                    "cluster": "cluster_4", 
                    "value": 0.01606425702811245
                }
            ]
        }, 
        {
            "variable": "dummy:State:ND", 
            "var": 0.0, 
            "values": [
                {
                    "cluster": "cluster_0", 
                    "value": 0.015267175572519083
                }, 
                {
                    "cluster": "cluster_1", 
                    "value": 0.02621231979030144
                }, 
                {
                    "cluster": "cluster_2", 
                    "value": 0.024355300859598854
                }, 
                {
                    "cluster": "cluster_3", 
                    "value": 0.01853997682502897
                }, 
                {
                    "cluster": "cluster_4", 
                    "value": 0.006693440428380187
                }
            ]
        }, 
        {
            "variable": "dummy:State:DE", 
            "var": 0.0, 
            "values": [
                {
                    "cluster": "cluster_0", 
                    "value": 0.015267175572519083
                }, 
                {
                    "cluster": "cluster_1", 
                    "value": 0.01703800786369594
                }, 
                {
                    "cluster": "cluster_2", 
                    "value": 0.014326647564469915
                }, 
                {
                    "cluster": "cluster_3", 
                    "value": 0.02433371958285052
                }, 
                {
                    "cluster": "cluster_4", 
                    "value": 0.01740294511378849
                }
            ]
        }, 
        {
            "variable": "dummy:State:OK", 
            "var": 0.0, 
            "values": [
                {
                    "cluster": "cluster_0", 
                    "value": 0.015267175572519083
                }, 
                {
                    "cluster": "cluster_1", 
                    "value": 0.01703800786369594
                }, 
                {
                    "cluster": "cluster_2", 
                    "value": 0.01862464183381089
                }, 
                {
                    "cluster": "cluster_3", 
                    "value": 0.016222479721900347
                }, 
                {
                    "cluster": "cluster_4", 
                    "value": 0.022757697456492636
                }
            ]
        }, 
        {
            "variable": "dummy:State:NE", 
            "var": 0.0, 
            "values": [
                {
                    "cluster": "cluster_0", 
                    "value": 0.015267175572519083
                }, 
                {
                    "cluster": "cluster_1", 
                    "value": 0.01834862385321101
                }, 
                {
                    "cluster": "cluster_2", 
                    "value": 0.01862464183381089
                }, 
                {
                    "cluster": "cluster_3", 
                    "value": 0.023174971031286212
                }, 
                {
                    "cluster": "cluster_4", 
                    "value": 0.013386880856760375
                }
            ]
        }, 
        {
            "variable": "dummy:State:SC", 
            "var": 0.0, 
            "values": [
                {
                    "cluster": "cluster_0", 
                    "value": 0.030534351145038167
                }, 
                {
                    "cluster": "cluster_1", 
                    "value": 0.019659239842726082
                }, 
                {
                    "cluster": "cluster_2", 
                    "value": 0.008595988538681949
                }, 
                {
                    "cluster": "cluster_3", 
                    "value": 0.015063731170336037
                }, 
                {
                    "cluster": "cluster_4", 
                    "value": 0.024096385542168676
                }
            ]
        }, 
        {
            "variable": "dummy:State:SD", 
            "var": 0.0, 
            "values": [
                {
                    "cluster": "cluster_0", 
                    "value": 0.015267175572519083
                }, 
                {
                    "cluster": "cluster_1", 
                    "value": 0.027522935779816515
                }, 
                {
                    "cluster": "cluster_2", 
                    "value": 0.024355300859598854
                }, 
                {
                    "cluster": "cluster_3", 
                    "value": 0.013904982618771726
                }, 
                {
                    "cluster": "cluster_4", 
                    "value": 0.008032128514056224
                }
            ]
        }, 
        {
            "variable": "dummy:State:KY", 
            "var": 0.0, 
            "values": [
                {
                    "cluster": "cluster_0", 
                    "value": 0.011450381679389313
                }, 
                {
                    "cluster": "cluster_1", 
                    "value": 0.01310615989515072
                }, 
                {
                    "cluster": "cluster_2", 
                    "value": 0.017191977077363897
                }, 
                {
                    "cluster": "cluster_3", 
                    "value": 0.01738122827346466
                }, 
                {
                    "cluster": "cluster_4", 
                    "value": 0.025435073627844713
                }
            ]
        }, 
        {
            "variable": "dummy:State:IL", 
            "var": 0.0, 
            "values": [
                {
                    "cluster": "cluster_0", 
                    "value": 0.011450381679389313
                }, 
                {
                    "cluster": "cluster_1", 
                    "value": 0.015727391874180863
                }, 
                {
                    "cluster": "cluster_2", 
                    "value": 0.022922636103151862
                }, 
                {
                    "cluster": "cluster_3", 
                    "value": 0.010428736964078795
                }, 
                {
                    "cluster": "cluster_4", 
                    "value": 0.024096385542168676
                }
            ]
        }, 
        {
            "variable": "dummy:State:NH", 
            "var": 0.0, 
            "values": [
                {
                    "cluster": "cluster_0", 
                    "value": 0.015267175572519083
                }, 
                {
                    "cluster": "cluster_1", 
                    "value": 0.01703800786369594
                }, 
                {
                    "cluster": "cluster_2", 
                    "value": 0.014326647564469915
                }, 
                {
                    "cluster": "cluster_3", 
                    "value": 0.019698725376593278
                }, 
                {
                    "cluster": "cluster_4", 
                    "value": 0.01606425702811245
                }
            ]
        }, 
        {
            "variable": "dummy:State:AR", 
            "var": 0.0, 
            "values": [
                {
                    "cluster": "cluster_0", 
                    "value": 0.015267175572519083
                }, 
                {
                    "cluster": "cluster_1", 
                    "value": 0.01834862385321101
                }, 
                {
                    "cluster": "cluster_2", 
                    "value": 0.012893982808022923
                }, 
                {
                    "cluster": "cluster_3", 
                    "value": 0.01853997682502897
                }, 
                {
                    "cluster": "cluster_4", 
                    "value": 0.01606425702811245
                }
            ]
        }, 
        {
            "variable": "dummy:State:DC", 
            "var": 0.0, 
            "values": [
                {
                    "cluster": "cluster_0", 
                    "value": 0.007633587786259542
                }, 
                {
                    "cluster": "cluster_1", 
                    "value": 0.019659239842726082
                }, 
                {
                    "cluster": "cluster_2", 
                    "value": 0.0057306590257879654
                }, 
                {
                    "cluster": "cluster_3", 
                    "value": 0.019698725376593278
                }, 
                {
                    "cluster": "cluster_4", 
                    "value": 0.0214190093708166
                }
            ]
        }, 
        {
            "variable": "dummy:State:GA", 
            "var": 0.0, 
            "values": [
                {
                    "cluster": "cluster_0", 
                    "value": 0.019083969465648856
                }, 
                {
                    "cluster": "cluster_1", 
                    "value": 0.022280471821756225
                }, 
                {
                    "cluster": "cluster_2", 
                    "value": 0.017191977077363897
                }, 
                {
                    "cluster": "cluster_3", 
                    "value": 0.010428736964078795
                }, 
                {
                    "cluster": "cluster_4", 
                    "value": 0.014725568942436412
                }
            ]
        }, 
        {
            "variable": "dummy:State:TN", 
            "var": 0.0, 
            "values": [
                {
                    "cluster": "cluster_0", 
                    "value": 0.007633587786259542
                }, 
                {
                    "cluster": "cluster_1", 
                    "value": 0.01703800786369594
                }, 
                {
                    "cluster": "cluster_2", 
                    "value": 0.012893982808022923
                }, 
                {
                    "cluster": "cluster_3", 
                    "value": 0.02433371958285052
                }, 
                {
                    "cluster": "cluster_4", 
                    "value": 0.0107095046854083
                }
            ]
        }, 
        {
            "variable": "dummy:State:HI", 
            "var": 0.0, 
            "values": [
                {
                    "cluster": "cluster_0", 
                    "value": 0.007633587786259542
                }, 
                {
                    "cluster": "cluster_1", 
                    "value": 0.01703800786369594
                }, 
                {
                    "cluster": "cluster_2", 
                    "value": 0.017191977077363897
                }, 
                {
                    "cluster": "cluster_3", 
                    "value": 0.013904982618771726
                }, 
                {
                    "cluster": "cluster_4", 
                    "value": 0.018741633199464525
                }
            ]
        }, 
        {
            "variable": "dummy:State:AK", 
            "var": 0.0, 
            "values": [
                {
                    "cluster": "cluster_0", 
                    "value": 0.003816793893129771
                }, 
                {
                    "cluster": "cluster_1", 
                    "value": 0.015727391874180863
                }, 
                {
                    "cluster": "cluster_2", 
                    "value": 0.011461318051575931
                }, 
                {
                    "cluster": "cluster_3", 
                    "value": 0.01738122827346466
                }, 
                {
                    "cluster": "cluster_4", 
                    "value": 0.0214190093708166
                }
            ]
        }, 
        {
            "variable": "dummy:State:LA", 
            "var": 0.0, 
            "values": [
                {
                    "cluster": "cluster_0", 
                    "value": 0.0
                }, 
                {
                    "cluster": "cluster_1", 
                    "value": 0.01310615989515072
                }, 
                {
                    "cluster": "cluster_2", 
                    "value": 0.01862464183381089
                }, 
                {
                    "cluster": "cluster_3", 
                    "value": 0.01738122827346466
                }, 
                {
                    "cluster": "cluster_4", 
                    "value": 0.01740294511378849
                }
            ]
        }, 
        {
            "variable": "dummy:State:PA", 
            "var": 0.0, 
            "values": [
                {
                    "cluster": "cluster_0", 
                    "value": 0.019083969465648856
                }, 
                {
                    "cluster": "cluster_1", 
                    "value": 0.011795543905635648
                }, 
                {
                    "cluster": "cluster_2", 
                    "value": 0.014326647564469915
                }, 
                {
                    "cluster": "cluster_3", 
                    "value": 0.009269988412514484
                }, 
                {
                    "cluster": "cluster_4", 
                    "value": 0.01740294511378849
                }
            ]
        }, 
        {
            "variable": "dummy:State:IA", 
            "var": 0.0, 
            "values": [
                {
                    "cluster": "cluster_0", 
                    "value": 0.007633587786259542
                }, 
                {
                    "cluster": "cluster_1", 
                    "value": 0.01310615989515072
                }, 
                {
                    "cluster": "cluster_2", 
                    "value": 0.012893982808022923
                }, 
                {
                    "cluster": "cluster_3", 
                    "value": 0.016222479721900347
                }, 
                {
                    "cluster": "cluster_4", 
                    "value": 0.012048192771084338
                }
            ]
        }, 
        {
            "variable": "dummy:State:CA", 
            "var": 0.0, 
            "values": [
                {
                    "cluster": "cluster_0", 
                    "value": 0.019083969465648856
                }, 
                {
                    "cluster": "cluster_1", 
                    "value": 0.011795543905635648
                }, 
                {
                    "cluster": "cluster_2", 
                    "value": 0.011461318051575931
                }, 
                {
                    "cluster": "cluster_3", 
                    "value": 0.008111239860950173
                }, 
                {
                    "cluster": "cluster_4", 
                    "value": 0.006693440428380187
                }
            ]
        }, 
        {
            "variable": "dummy:State:N/A", 
            "var": 0.0, 
            "values": [
                {
                    "cluster": "cluster_0", 
                    "value": 0.0
                }, 
                {
                    "cluster": "cluster_1", 
                    "value": 0.0
                }, 
                {
                    "cluster": "cluster_2", 
                    "value": 0.0
                }, 
                {
                    "cluster": "cluster_3", 
                    "value": 0.0
                }, 
                {
                    "cluster": "cluster_4", 
                    "value": 0.0
                }
            ]
        }, 
        {
            "variable": "dummy:State:__Others__", 
            "var": 0.0, 
            "values": [
                {
                    "cluster": "cluster_0", 
                    "value": 0.0
                }, 
                {
                    "cluster": "cluster_1", 
                    "value": 0.0
                }, 
                {
                    "cluster": "cluster_2", 
                    "value": 0.0
                }, 
                {
                    "cluster": "cluster_3", 
                    "value": 0.0
                }, 
                {
                    "cluster": "cluster_4", 
                    "value": 0.0
                }
            ]
        }, 
        {
            "variable": "Int'l Plan", 
            "var": 0.01, 
            "values": [
                {
                    "cluster": "cluster_0", 
                    "value": 0.25190839694656486
                }, 
                {
                    "cluster": "cluster_1", 
                    "value": 0.08650065530799476
                }, 
                {
                    "cluster": "cluster_2", 
                    "value": 0.0988538681948424
                }, 
                {
                    "cluster": "cluster_3", 
                    "value": 0.05214368482039398
                }, 
                {
                    "cluster": "cluster_4", 
                    "value": 0.10307898259705489
                }
            ]
        }, 
        {
            "variable": "CustServ Calls", 
            "var": 0.0, 
            "values": [
                {
                    "cluster": "cluster_0", 
                    "value": 1.4809160305343512
                }, 
                {
                    "cluster": "cluster_1", 
                    "value": 1.5373525557011796
                }, 
                {
                    "cluster": "cluster_2", 
                    "value": 1.5845272206303724
                }, 
                {
                    "cluster": "cluster_3", 
                    "value": 1.5214368482039398
                }, 
                {
                    "cluster": "cluster_4", 
                    "value": 1.64524765729585
                }
            ]
        }, 
        {
            "variable": "VMail Message", 
            "var": 162.07, 
            "values": [
                {
                    "cluster": "cluster_0", 
                    "value": 1.8244274809160306
                }, 
                {
                    "cluster": "cluster_1", 
                    "value": 29.857142857142858
                }, 
                {
                    "cluster": "cluster_2", 
                    "value": 0.18051575931232092
                }, 
                {
                    "cluster": "cluster_3", 
                    "value": 0.0660486674391657
                }, 
                {
                    "cluster": "cluster_4", 
                    "value": 4.755020080321285
                }
            ]
        }, 
        {
            "variable": "Night_Mins", 
            "var": 884.45, 
            "values": [
                {
                    "cluster": "cluster_0", 
                    "value": 216.8965648854961
                }, 
                {
                    "cluster": "cluster_1", 
                    "value": 207.17300131061614
                }, 
                {
                    "cluster": "cluster_2", 
                    "value": 164.5661891117477
                }, 
                {
                    "cluster": "cluster_3", 
                    "value": 238.8290845886443
                }, 
                {
                    "cluster": "cluster_4", 
                    "value": 178.88875502008017
                }
            ]
        }, 
        {
            "variable": "Intl_Mins", 
            "var": 0.09, 
            "values": [
                {
                    "cluster": "cluster_0", 
                    "value": 10.724045801526719
                }, 
                {
                    "cluster": "cluster_1", 
                    "value": 10.237483617300137
                }, 
                {
                    "cluster": "cluster_2", 
                    "value": 9.925071633237826
                }, 
                {
                    "cluster": "cluster_3", 
                    "value": 10.41147161066048
                }, 
                {
                    "cluster": "cluster_4", 
                    "value": 10.156894243641238
                }
            ]
        }, 
        {
            "variable": "Account Length", 
            "var": 5.06, 
            "values": [
                {
                    "cluster": "cluster_0", 
                    "value": 100.90839694656489
                }, 
                {
                    "cluster": "cluster_1", 
                    "value": 101.79423328964613
                }, 
                {
                    "cluster": "cluster_2", 
                    "value": 104.52865329512893
                }, 
                {
                    "cluster": "cluster_3", 
                    "value": 98.42757821552723
                }, 
                {
                    "cluster": "cluster_4", 
                    "value": 100.18473895582329
                }
            ]
        }, 
        {
            "variable": "Eve_Mins", 
            "var": 654.18, 
            "values": [
                {
                    "cluster": "cluster_0", 
                    "value": 235.48053435114497
                }, 
                {
                    "cluster": "cluster_1", 
                    "value": 208.5528178243775
                }, 
                {
                    "cluster": "cluster_2", 
                    "value": 191.8060171919769
                }, 
                {
                    "cluster": "cluster_3", 
                    "value": 219.01853997682505
                }, 
                {
                    "cluster": "cluster_4", 
                    "value": 168.8784471218207
                }
            ]
        }, 
        {
            "variable": "Eve Calls", 
            "var": 0.65, 
            "values": [
                {
                    "cluster": "cluster_0", 
                    "value": 99.99236641221374
                }, 
                {
                    "cluster": "cluster_1", 
                    "value": 99.48492791612058
                }, 
                {
                    "cluster": "cluster_2", 
                    "value": 101.41547277936962
                }, 
                {
                    "cluster": "cluster_3", 
                    "value": 99.45307068366165
                }, 
                {
                    "cluster": "cluster_4", 
                    "value": 100.34805890227577
                }
            ]
        }, 
        {
            "variable": "Total_min", 
            "var": 7842.13, 
            "values": [
                {
                    "cluster": "cluster_0", 
                    "value": 723.2259541984733
                }, 
                {
                    "cluster": "cluster_1", 
                    "value": 614.3825688073396
                }, 
                {
                    "cluster": "cluster_2", 
                    "value": 578.2999999999995
                }, 
                {
                    "cluster": "cluster_3", 
                    "value": 639.2389339513321
                }, 
                {
                    "cluster": "cluster_4", 
                    "value": 480.73574297188753
                }
            ]
        }, 
        {
            "variable": "Eve_Charge", 
            "var": 4.73, 
            "values": [
                {
                    "cluster": "cluster_0", 
                    "value": 20.01576335877862
                }, 
                {
                    "cluster": "cluster_1", 
                    "value": 17.72732634338137
                }, 
                {
                    "cluster": "cluster_2", 
                    "value": 16.30361031518624
                }, 
                {
                    "cluster": "cluster_3", 
                    "value": 18.616813441483213
                }, 
                {
                    "cluster": "cluster_4", 
                    "value": 14.354926372155285
                }
            ]
        }, 
        {
            "variable": "Day_Mins", 
            "var": 2569.1, 
            "values": [
                {
                    "cluster": "cluster_0", 
                    "value": 260.12480916030546
                }, 
                {
                    "cluster": "cluster_1", 
                    "value": 188.4192660550462
                }, 
                {
                    "cluster": "cluster_2", 
                    "value": 212.00272206303708
                }, 
                {
                    "cluster": "cluster_3", 
                    "value": 170.9798377752026
                }, 
                {
                    "cluster": "cluster_4", 
                    "value": 122.8116465863454
                }
            ]
        }, 
        {
            "variable": "Intl_Charge", 
            "var": 0.01, 
            "values": [
                {
                    "cluster": "cluster_0", 
                    "value": 2.8961450381679397
                }, 
                {
                    "cluster": "cluster_1", 
                    "value": 2.7647575360419414
                }, 
                {
                    "cluster": "cluster_2", 
                    "value": 2.6802148997134707
                }, 
                {
                    "cluster": "cluster_3", 
                    "value": 2.8115295480880707
                }, 
                {
                    "cluster": "cluster_4", 
                    "value": 2.742851405622491
                }
            ]
        }, 
        {
            "variable": "Day Calls", 
            "var": 1.66, 
            "values": [
                {
                    "cluster": "cluster_0", 
                    "value": 102.70992366412214
                }, 
                {
                    "cluster": "cluster_1", 
                    "value": 99.64482306684141
                }, 
                {
                    "cluster": "cluster_2", 
                    "value": 99.54011461318052
                }, 
                {
                    "cluster": "cluster_3", 
                    "value": 101.04055619930475
                }, 
                {
                    "cluster": "cluster_4", 
                    "value": 100.58366800535475
                }
            ]
        }, 
        {
            "variable": "Total_Charge", 
            "var": 119.32, 
            "values": [
                {
                    "cluster": "cluster_0", 
                    "value": 76.89404580152673
                }, 
                {
                    "cluster": "cluster_1", 
                    "value": 61.84665792922677
                }, 
                {
                    "cluster": "cluster_2", 
                    "value": 62.430300859598916
                }, 
                {
                    "cluster": "cluster_3", 
                    "value": 61.24301274623407
                }, 
                {
                    "cluster": "cluster_4", 
                    "value": 46.02639892904956
                }
            ]
        }, 
        {
            "variable": "Churn?", 
            "var": 0.17, 
            "values": [
                {
                    "cluster": "cluster_0", 
                    "value": 0.9809160305343512
                }, 
                {
                    "cluster": "cluster_1", 
                    "value": 0.06946264744429882
                }, 
                {
                    "cluster": "cluster_2", 
                    "value": 0.02865329512893983
                }, 
                {
                    "cluster": "cluster_3", 
                    "value": 0.038238702201622246
                }, 
                {
                    "cluster": "cluster_4", 
                    "value": 0.1606425702811245
                }
            ]
        }, 
        {
            "variable": "Night_Charge", 
            "var": 1.79, 
            "values": [
                {
                    "cluster": "cluster_0", 
                    "value": 9.7604961832061
                }, 
                {
                    "cluster": "cluster_1", 
                    "value": 9.322778505897778
                }, 
                {
                    "cluster": "cluster_2", 
                    "value": 7.405444126074493
                }, 
                {
                    "cluster": "cluster_3", 
                    "value": 10.747450753186556
                }, 
                {
                    "cluster": "cluster_4", 
                    "value": 8.050187416331987
                }
            ]
        }, 
        {
            "variable": "Night Calls", 
            "var": 0.32, 
            "values": [
                {
                    "cluster": "cluster_0", 
                    "value": 100.70992366412214
                }, 
                {
                    "cluster": "cluster_1", 
                    "value": 100.72346002621232
                }, 
                {
                    "cluster": "cluster_2", 
                    "value": 99.54011461318052
                }, 
                {
                    "cluster": "cluster_3", 
                    "value": 100.2433371958285
                }, 
                {
                    "cluster": "cluster_4", 
                    "value": 99.64123159303882
                }
            ]
        }, 
        {
            "variable": "Intl Calls", 
            "var": 0.02, 
            "values": [
                {
                    "cluster": "cluster_0", 
                    "value": 4.232824427480916
                }, 
                {
                    "cluster": "cluster_1", 
                    "value": 4.580602883355177
                }, 
                {
                    "cluster": "cluster_2", 
                    "value": 4.415472779369628
                }, 
                {
                    "cluster": "cluster_3", 
                    "value": 4.549246813441483
                }, 
                {
                    "cluster": "cluster_4", 
                    "value": 4.4417670682730925
                }
            ]
        }, 
        {
            "variable": "Day_Charge", 
            "var": 74.25, 
            "values": [
                {
                    "cluster": "cluster_0", 
                    "value": 44.22164122137405
                }, 
                {
                    "cluster": "cluster_1", 
                    "value": 32.031795543905645
                }, 
                {
                    "cluster": "cluster_2", 
                    "value": 36.04103151862464
                }, 
                {
                    "cluster": "cluster_3", 
                    "value": 29.06721900347622
                }, 
                {
                    "cluster": "cluster_4", 
                    "value": 20.878433734939765
                }
            ]
        }, 
        {
            "variable": "VMail Plan", 
            "var": 0.18, 
            "values": [
                {
                    "cluster": "cluster_0", 
                    "value": 0.06870229007633588
                }, 
                {
                    "cluster": "cluster_1", 
                    "value": 1.0
                }, 
                {
                    "cluster": "cluster_2", 
                    "value": 0.008595988538681949
                }, 
                {
                    "cluster": "cluster_3", 
                    "value": 0.0034762456546929316
                }, 
                {
                    "cluster": "cluster_4", 
                    "value": 0.17670682730923695
                }
            ]
        }, 
        {
            "variable": "Area Code", 
            "var": 3.4, 
            "values": [
                {
                    "cluster": "cluster_0", 
                    "value": 435.7977099236641
                }, 
                {
                    "cluster": "cluster_1", 
                    "value": 436.8715596330275
                }, 
                {
                    "cluster": "cluster_2", 
                    "value": 434.59885386819485
                }, 
                {
                    "cluster": "cluster_3", 
                    "value": 438.1993047508691
                }, 
                {
                    "cluster": "cluster_4", 
                    "value": 439.22489959839356
                }
            ]
        }, 
        {
            "variable": "cluster_size", 
            "var": 54754.3, 
            "values": [
                {
                    "cluster": "cluster_3", 
                    "value": 863
                }, 
                {
                    "cluster": "cluster_1", 
                    "value": 763
                }, 
                {
                    "cluster": "cluster_4", 
                    "value": 747
                }, 
                {
                    "cluster": "cluster_2", 
                    "value": 698
                }, 
                {
                    "cluster": "cluster_0", 
                    "value": 262
                }
            ]
        }
    ]
}