{
  "state": "DONE",
  "preSearchDescription": {
    "gridLength": 1,
    "importantParams": [
      {
        "name": "k",
        "vals": [
          "5"
        ]
      },
      {
        "name": "p",
        "val": "2"
      }
    ]
  },
  "postSearchDescription": {
    "importantParams": [
      {
        "name": "k",
        "val": "5"
      },
      {
        "name": "p",
        "val": "2"
      }
    ]
  },
  "timeOrderingEnabled": false,
  "sampleWeightsEnabled": false,
  "modelId": "m1",
  "progress": {
    "top_level_todo": [],
    "stack": [],
    "top_level_done": [
      {
        "name": "Loading train set",
        "time": 17
      },
      {
        "name": "Loading test set",
        "time": 7
      },
      {
        "name": "Collecting statistics",
        "time": 50
      },
      {
        "name": "Preprocessing train set",
        "time": 39
      },
      {
        "name": "Preprocessing test set",
        "time": 32
      },
      {
        "name": "Fitting model",
        "time": 10
      },
      {
        "name": "Saving model",
        "time": 4
      },
      {
        "name": "Scoring model",
        "time": 659
      }
    ]
  },
  "startTime": 1592643741283,
  "endTime": 1592643742492,
  "preprocessingTime": 147,
  "trainingTime": 1062
}