{
    "metrics": {
        "nbClusters": 8, 
        "silhouette": 0.0767520838999455, 
        "inertia": 50504.08904707456
    }, 
    "reduce_vars": [], 
    "train_nb_features": 74, 
    "train_nb_records": 3333, 
    "summary": {
        "clusters": []
    }, 
    "variables_importance": {
        "variables": [
            "Account Length", 
            "Area Code", 
            "Churn?", 
            "CustServ Calls", 
            "Day Calls", 
            "Day_Charge", 
            "Day_Mins", 
            "Eve Calls", 
            "Eve_Charge", 
            "Eve_Mins", 
            "Int'l Plan", 
            "Intl Calls", 
            "Intl_Charge", 
            "Intl_Mins", 
            "Night Calls", 
            "Night_Charge", 
            "Night_Mins", 
            "Total_Charge", 
            "Total_min", 
            "VMail Message", 
            "VMail Plan", 
            "dummy:State:WV", 
            "dummy:State:MN", 
            "dummy:State:NY", 
            "dummy:State:AL", 
            "dummy:State:WI", 
            "dummy:State:OH", 
            "dummy:State:OR", 
            "dummy:State:WY", 
            "dummy:State:VA", 
            "dummy:State:CT", 
            "dummy:State:MI", 
            "dummy:State:ID", 
            "dummy:State:VT", 
            "dummy:State:TX", 
            "dummy:State:UT", 
            "dummy:State:IN", 
            "dummy:State:KS", 
            "dummy:State:MD", 
            "dummy:State:MT", 
            "dummy:State:NJ", 
            "dummy:State:NC", 
            "dummy:State:NV", 
            "dummy:State:WA", 
            "dummy:State:CO", 
            "dummy:State:MS", 
            "dummy:State:RI", 
            "dummy:State:MA", 
            "dummy:State:AZ", 
            "dummy:State:MO", 
            "dummy:State:FL", 
            "dummy:State:NM", 
            "dummy:State:ME", 
            "dummy:State:ND", 
            "dummy:State:DE", 
            "dummy:State:OK", 
            "dummy:State:NE", 
            "dummy:State:SC", 
            "dummy:State:SD", 
            "dummy:State:KY", 
            "dummy:State:IL", 
            "dummy:State:NH", 
            "dummy:State:AR", 
            "dummy:State:DC", 
            "dummy:State:GA", 
            "dummy:State:TN", 
            "dummy:State:HI", 
            "dummy:State:AK", 
            "dummy:State:LA", 
            "dummy:State:PA", 
            "dummy:State:IA", 
            "dummy:State:CA"
        ], 
        "importances": [
            0.01288127757613372, 
            0.0045673841390780024, 
            0.03502632415925071, 
            0.007392829312579096, 
            0.012424141183769779, 
            0.05029287802465583, 
            0.049627441027296035, 
            0.011708625003428291, 
            0.02552986812239406, 
            0.024463564833300474, 
            0.06648971609689779, 
            0.009458330438428843, 
            0.05906917638349359, 
            0.05965499492169471, 
            0.011586236656033193, 
            0.07047766126263254, 
            0.060059241788971464, 
            0.11635536311550483, 
            0.09167581163242781, 
            0.08719624782664141, 
            0.0986000045297041, 
            0.0006637615876589763, 
            0.0008827311875934614, 
            0.0006937042016606425, 
            0.0006918013994686817, 
            0.0010542898232023274, 
            0.0008997438662700067, 
            0.0007880240684065858, 
            0.0012589037174785779, 
            0.0008360577860997253, 
            0.0007144576771583961, 
            0.0008049915740432383, 
            0.000694699923935995, 
            0.0006090445641013061, 
            0.000780575643863161, 
            0.0007371762696904924, 
            0.0004522301489850335, 
            0.0007237429341330025, 
            0.0007233358887772538, 
            0.0005302065599460976, 
            0.0007745054802334, 
            0.0010172931176571423, 
            0.0007379081405500062, 
            0.0005813961160498614, 
            0.0008250683050414704, 
            0.0005882583343612481, 
            0.000852887920494795, 
            0.0008687179675665741, 
            0.001033157866207418, 
            0.0007182457066125202, 
            0.0005264822320583166, 
            0.000578132520510803, 
            0.0006331633658651167, 
            0.0006562622034369608, 
            0.0007831050223104876, 
            0.0005934631314399346, 
            0.0005684253629111034, 
            0.0005089960001110074, 
            0.0007730460538355031, 
            0.00035698862631585175, 
            0.0009879197113382035, 
            0.000532787492727123, 
            0.0005202654946579269, 
            0.0006578925074591978, 
            0.0005181025636345235, 
            0.00043350799593362715, 
            0.0006245342854996602, 
            0.0005147524464079156, 
            0.0006528465829247031, 
            0.0005475083275668449, 
            0.0003850771703542081, 
            0.0005727050911372687
        ]
    }, 
    "processed_feature_names": [
        "Account Length", 
        "Area Code", 
        "Churn?", 
        "CustServ Calls", 
        "Day Calls", 
        "Day_Charge", 
        "Day_Mins", 
        "Eve Calls", 
        "Eve_Charge", 
        "Eve_Mins", 
        "Int'l Plan", 
        "Intl Calls", 
        "Intl_Charge", 
        "Intl_Mins", 
        "Night Calls", 
        "Night_Charge", 
        "Night_Mins", 
        "Total_Charge", 
        "Total_min", 
        "VMail Message", 
        "VMail Plan", 
        "dummy:State:WV", 
        "dummy:State:MN", 
        "dummy:State:NY", 
        "dummy:State:AL", 
        "dummy:State:WI", 
        "dummy:State:OH", 
        "dummy:State:OR", 
        "dummy:State:WY", 
        "dummy:State:VA", 
        "dummy:State:CT", 
        "dummy:State:MI", 
        "dummy:State:ID", 
        "dummy:State:VT", 
        "dummy:State:TX", 
        "dummy:State:UT", 
        "dummy:State:IN", 
        "dummy:State:KS", 
        "dummy:State:MD", 
        "dummy:State:MT", 
        "dummy:State:NJ", 
        "dummy:State:NC", 
        "dummy:State:NV", 
        "dummy:State:WA", 
        "dummy:State:CO", 
        "dummy:State:MS", 
        "dummy:State:RI", 
        "dummy:State:MA", 
        "dummy:State:AZ", 
        "dummy:State:MO", 
        "dummy:State:FL", 
        "dummy:State:NM", 
        "dummy:State:ME", 
        "dummy:State:ND", 
        "dummy:State:DE", 
        "dummy:State:OK", 
        "dummy:State:NE", 
        "dummy:State:SC", 
        "dummy:State:SD", 
        "dummy:State:KY", 
        "dummy:State:IL", 
        "dummy:State:NH", 
        "dummy:State:AR", 
        "dummy:State:DC", 
        "dummy:State:GA", 
        "dummy:State:TN", 
        "dummy:State:HI", 
        "dummy:State:AK", 
        "dummy:State:LA", 
        "dummy:State:PA", 
        "dummy:State:IA", 
        "dummy:State:CA", 
        "dummy:State:N/A", 
        "dummy:State:__Others__"
    ], 
    "train_nb_outliers": 0, 
    "cluster_description": [
        {
            "variable": "dummy:State:WV", 
            "var": 0.0, 
            "values": [
                {
                    "cluster": "cluster_0", 
                    "value": 0.03571428571428571
                }, 
                {
                    "cluster": "cluster_1", 
                    "value": 0.03009259259259259
                }, 
                {
                    "cluster": "cluster_2", 
                    "value": 0.023076923076923078
                }, 
                {
                    "cluster": "cluster_3", 
                    "value": 0.04621072088724584
                }, 
                {
                    "cluster": "cluster_4", 
                    "value": 0.013513513513513514
                }, 
                {
                    "cluster": "cluster_5", 
                    "value": 0.023923444976076555
                }, 
                {
                    "cluster": "cluster_6", 
                    "value": 0.03213610586011342
                }, 
                {
                    "cluster": "cluster_7", 
                    "value": 0.03258145363408521
                }
            ]
        }, 
        {
            "variable": "dummy:State:MN", 
            "var": 0.0, 
            "values": [
                {
                    "cluster": "cluster_0", 
                    "value": 0.015037593984962405
                }, 
                {
                    "cluster": "cluster_1", 
                    "value": 0.018518518518518517
                }, 
                {
                    "cluster": "cluster_2", 
                    "value": 0.026923076923076925
                }, 
                {
                    "cluster": "cluster_3", 
                    "value": 0.022181146025878003
                }, 
                {
                    "cluster": "cluster_4", 
                    "value": 0.03153153153153153
                }, 
                {
                    "cluster": "cluster_5", 
                    "value": 0.03588516746411483
                }, 
                {
                    "cluster": "cluster_6", 
                    "value": 0.024574669187145556
                }, 
                {
                    "cluster": "cluster_7", 
                    "value": 0.03508771929824561
                }
            ]
        }, 
        {
            "variable": "dummy:State:NY", 
            "var": 0.0, 
            "values": [
                {
                    "cluster": "cluster_0", 
                    "value": 0.018796992481203006
                }, 
                {
                    "cluster": "cluster_1", 
                    "value": 0.018518518518518517
                }, 
                {
                    "cluster": "cluster_2", 
                    "value": 0.023076923076923078
                }, 
                {
                    "cluster": "cluster_3", 
                    "value": 0.03512014787430684
                }, 
                {
                    "cluster": "cluster_4", 
                    "value": 0.02702702702702703
                }, 
                {
                    "cluster": "cluster_5", 
                    "value": 0.028708133971291867
                }, 
                {
                    "cluster": "cluster_6", 
                    "value": 0.026465028355387523
                }, 
                {
                    "cluster": "cluster_7", 
                    "value": 0.020050125313283207
                }
            ]
        }, 
        {
            "variable": "dummy:State:AL", 
            "var": 0.0, 
            "values": [
                {
                    "cluster": "cluster_0", 
                    "value": 0.03195488721804511
                }, 
                {
                    "cluster": "cluster_1", 
                    "value": 0.016203703703703703
                }, 
                {
                    "cluster": "cluster_2", 
                    "value": 0.03076923076923077
                }, 
                {
                    "cluster": "cluster_3", 
                    "value": 0.022181146025878003
                }, 
                {
                    "cluster": "cluster_4", 
                    "value": 0.013513513513513514
                }, 
                {
                    "cluster": "cluster_5", 
                    "value": 0.0215311004784689
                }, 
                {
                    "cluster": "cluster_6", 
                    "value": 0.020793950850661626
                }, 
                {
                    "cluster": "cluster_7", 
                    "value": 0.03258145363408521
                }
            ]
        }, 
        {
            "variable": "dummy:State:WI", 
            "var": 0.0, 
            "values": [
                {
                    "cluster": "cluster_0", 
                    "value": 0.020676691729323307
                }, 
                {
                    "cluster": "cluster_1", 
                    "value": 0.020833333333333332
                }, 
                {
                    "cluster": "cluster_2", 
                    "value": 0.019230769230769232
                }, 
                {
                    "cluster": "cluster_3", 
                    "value": 0.025878003696857672
                }, 
                {
                    "cluster": "cluster_4", 
                    "value": 0.013513513513513514
                }, 
                {
                    "cluster": "cluster_5", 
                    "value": 0.023923444976076555
                }, 
                {
                    "cluster": "cluster_6", 
                    "value": 0.026465028355387523
                }, 
                {
                    "cluster": "cluster_7", 
                    "value": 0.03007518796992481
                }
            ]
        }, 
        {
            "variable": "dummy:State:OH", 
            "var": 0.0, 
            "values": [
                {
                    "cluster": "cluster_0", 
                    "value": 0.020676691729323307
                }, 
                {
                    "cluster": "cluster_1", 
                    "value": 0.018518518518518517
                }, 
                {
                    "cluster": "cluster_2", 
                    "value": 0.019230769230769232
                }, 
                {
                    "cluster": "cluster_3", 
                    "value": 0.0166358595194085
                }, 
                {
                    "cluster": "cluster_4", 
                    "value": 0.02702702702702703
                }, 
                {
                    "cluster": "cluster_5", 
                    "value": 0.019138755980861243
                }, 
                {
                    "cluster": "cluster_6", 
                    "value": 0.02835538752362949
                }, 
                {
                    "cluster": "cluster_7", 
                    "value": 0.040100250626566414
                }
            ]
        }, 
        {
            "variable": "dummy:State:OR", 
            "var": 0.0, 
            "values": [
                {
                    "cluster": "cluster_0", 
                    "value": 0.03195488721804511
                }, 
                {
                    "cluster": "cluster_1", 
                    "value": 0.020833333333333332
                }, 
                {
                    "cluster": "cluster_2", 
                    "value": 0.023076923076923078
                }, 
                {
                    "cluster": "cluster_3", 
                    "value": 0.027726432532347505
                }, 
                {
                    "cluster": "cluster_4", 
                    "value": 0.036036036036036036
                }, 
                {
                    "cluster": "cluster_5", 
                    "value": 0.01674641148325359
                }, 
                {
                    "cluster": "cluster_6", 
                    "value": 0.020793950850661626
                }, 
                {
                    "cluster": "cluster_7", 
                    "value": 0.012531328320802004
                }
            ]
        }, 
        {
            "variable": "dummy:State:WY", 
            "var": 0.0, 
            "values": [
                {
                    "cluster": "cluster_0", 
                    "value": 0.022556390977443608
                }, 
                {
                    "cluster": "cluster_1", 
                    "value": 0.020833333333333332
                }, 
                {
                    "cluster": "cluster_2", 
                    "value": 0.023076923076923078
                }, 
                {
                    "cluster": "cluster_3", 
                    "value": 0.0166358595194085
                }, 
                {
                    "cluster": "cluster_4", 
                    "value": 0.02702702702702703
                }, 
                {
                    "cluster": "cluster_5", 
                    "value": 0.023923444976076555
                }, 
                {
                    "cluster": "cluster_6", 
                    "value": 0.034026465028355386
                }, 
                {
                    "cluster": "cluster_7", 
                    "value": 0.017543859649122806
                }
            ]
        }, 
        {
            "variable": "dummy:State:VA", 
            "var": 0.0, 
            "values": [
                {
                    "cluster": "cluster_0", 
                    "value": 0.018796992481203006
                }, 
                {
                    "cluster": "cluster_1", 
                    "value": 0.013888888888888888
                }, 
                {
                    "cluster": "cluster_2", 
                    "value": 0.026923076923076925
                }, 
                {
                    "cluster": "cluster_3", 
                    "value": 0.018484288354898338
                }, 
                {
                    "cluster": "cluster_4", 
                    "value": 0.009009009009009009
                }, 
                {
                    "cluster": "cluster_5", 
                    "value": 0.014354066985645933
                }, 
                {
                    "cluster": "cluster_6", 
                    "value": 0.04725897920604915
                }, 
                {
                    "cluster": "cluster_7", 
                    "value": 0.02756892230576441
                }
            ]
        }, 
        {
            "variable": "dummy:State:CT", 
            "var": 0.0, 
            "values": [
                {
                    "cluster": "cluster_0", 
                    "value": 0.016917293233082706
                }, 
                {
                    "cluster": "cluster_1", 
                    "value": 0.020833333333333332
                }, 
                {
                    "cluster": "cluster_2", 
                    "value": 0.026923076923076925
                }, 
                {
                    "cluster": "cluster_3", 
                    "value": 0.027726432532347505
                }, 
                {
                    "cluster": "cluster_4", 
                    "value": 0.02702702702702703
                }, 
                {
                    "cluster": "cluster_5", 
                    "value": 0.014354066985645933
                }, 
                {
                    "cluster": "cluster_6", 
                    "value": 0.020793950850661626
                }, 
                {
                    "cluster": "cluster_7", 
                    "value": 0.02756892230576441
                }
            ]
        }, 
        {
            "variable": "dummy:State:MI", 
            "var": 0.0, 
            "values": [
                {
                    "cluster": "cluster_0", 
                    "value": 0.020676691729323307
                }, 
                {
                    "cluster": "cluster_1", 
                    "value": 0.013888888888888888
                }, 
                {
                    "cluster": "cluster_2", 
                    "value": 0.03461538461538462
                }, 
                {
                    "cluster": "cluster_3", 
                    "value": 0.0166358595194085
                }, 
                {
                    "cluster": "cluster_4", 
                    "value": 0.02702702702702703
                }, 
                {
                    "cluster": "cluster_5", 
                    "value": 0.0215311004784689
                }, 
                {
                    "cluster": "cluster_6", 
                    "value": 0.022684310018903593
                }, 
                {
                    "cluster": "cluster_7", 
                    "value": 0.02756892230576441
                }
            ]
        }, 
        {
            "variable": "dummy:State:ID", 
            "var": 0.0, 
            "values": [
                {
                    "cluster": "cluster_0", 
                    "value": 0.018796992481203006
                }, 
                {
                    "cluster": "cluster_1", 
                    "value": 0.020833333333333332
                }, 
                {
                    "cluster": "cluster_2", 
                    "value": 0.019230769230769232
                }, 
                {
                    "cluster": "cluster_3", 
                    "value": 0.024029574861367836
                }, 
                {
                    "cluster": "cluster_4", 
                    "value": 0.013513513513513514
                }, 
                {
                    "cluster": "cluster_5", 
                    "value": 0.0215311004784689
                }, 
                {
                    "cluster": "cluster_6", 
                    "value": 0.01890359168241966
                }, 
                {
                    "cluster": "cluster_7", 
                    "value": 0.03508771929824561
                }
            ]
        }, 
        {
            "variable": "dummy:State:VT", 
            "var": 0.0, 
            "values": [
                {
                    "cluster": "cluster_0", 
                    "value": 0.03007518796992481
                }, 
                {
                    "cluster": "cluster_1", 
                    "value": 0.016203703703703703
                }, 
                {
                    "cluster": "cluster_2", 
                    "value": 0.015384615384615385
                }, 
                {
                    "cluster": "cluster_3", 
                    "value": 0.0166358595194085
                }, 
                {
                    "cluster": "cluster_4", 
                    "value": 0.02252252252252252
                }, 
                {
                    "cluster": "cluster_5", 
                    "value": 0.0215311004784689
                }, 
                {
                    "cluster": "cluster_6", 
                    "value": 0.02835538752362949
                }, 
                {
                    "cluster": "cluster_7", 
                    "value": 0.020050125313283207
                }
            ]
        }, 
        {
            "variable": "dummy:State:TX", 
            "var": 0.0, 
            "values": [
                {
                    "cluster": "cluster_0", 
                    "value": 0.02819548872180451
                }, 
                {
                    "cluster": "cluster_1", 
                    "value": 0.016203703703703703
                }, 
                {
                    "cluster": "cluster_2", 
                    "value": 0.019230769230769232
                }, 
                {
                    "cluster": "cluster_3", 
                    "value": 0.029574861367837338
                }, 
                {
                    "cluster": "cluster_4", 
                    "value": 0.04504504504504504
                }, 
                {
                    "cluster": "cluster_5", 
                    "value": 0.01674641148325359
                }, 
                {
                    "cluster": "cluster_6", 
                    "value": 0.011342155009451797
                }, 
                {
                    "cluster": "cluster_7", 
                    "value": 0.015037593984962405
                }
            ]
        }, 
        {
            "variable": "dummy:State:UT", 
            "var": 0.0, 
            "values": [
                {
                    "cluster": "cluster_0", 
                    "value": 0.02631578947368421
                }, 
                {
                    "cluster": "cluster_1", 
                    "value": 0.023148148148148147
                }, 
                {
                    "cluster": "cluster_2", 
                    "value": 0.019230769230769232
                }, 
                {
                    "cluster": "cluster_3", 
                    "value": 0.022181146025878003
                }, 
                {
                    "cluster": "cluster_4", 
                    "value": 0.02252252252252252
                }, 
                {
                    "cluster": "cluster_5", 
                    "value": 0.0215311004784689
                }, 
                {
                    "cluster": "cluster_6", 
                    "value": 0.015122873345935728
                }, 
                {
                    "cluster": "cluster_7", 
                    "value": 0.022556390977443608
                }
            ]
        }, 
        {
            "variable": "dummy:State:IN", 
            "var": 0.0, 
            "values": [
                {
                    "cluster": "cluster_0", 
                    "value": 0.02631578947368421
                }, 
                {
                    "cluster": "cluster_1", 
                    "value": 0.016203703703703703
                }, 
                {
                    "cluster": "cluster_2", 
                    "value": 0.0038461538461538464
                }, 
                {
                    "cluster": "cluster_3", 
                    "value": 0.014787430683918669
                }, 
                {
                    "cluster": "cluster_4", 
                    "value": 0.02252252252252252
                }, 
                {
                    "cluster": "cluster_5", 
                    "value": 0.023923444976076555
                }, 
                {
                    "cluster": "cluster_6", 
                    "value": 0.030245746691871456
                }, 
                {
                    "cluster": "cluster_7", 
                    "value": 0.02506265664160401
                }
            ]
        }, 
        {
            "variable": "dummy:State:KS", 
            "var": 0.0, 
            "values": [
                {
                    "cluster": "cluster_0", 
                    "value": 0.018796992481203006
                }, 
                {
                    "cluster": "cluster_1", 
                    "value": 0.013888888888888888
                }, 
                {
                    "cluster": "cluster_2", 
                    "value": 0.011538461538461539
                }, 
                {
                    "cluster": "cluster_3", 
                    "value": 0.022181146025878003
                }, 
                {
                    "cluster": "cluster_4", 
                    "value": 0.036036036036036036
                }, 
                {
                    "cluster": "cluster_5", 
                    "value": 0.014354066985645933
                }, 
                {
                    "cluster": "cluster_6", 
                    "value": 0.026465028355387523
                }, 
                {
                    "cluster": "cluster_7", 
                    "value": 0.02756892230576441
                }
            ]
        }, 
        {
            "variable": "dummy:State:MD", 
            "var": 0.0, 
            "values": [
                {
                    "cluster": "cluster_0", 
                    "value": 0.02443609022556391
                }, 
                {
                    "cluster": "cluster_1", 
                    "value": 0.018518518518518517
                }, 
                {
                    "cluster": "cluster_2", 
                    "value": 0.026923076923076925
                }, 
                {
                    "cluster": "cluster_3", 
                    "value": 0.012939001848428836
                }, 
                {
                    "cluster": "cluster_4", 
                    "value": 0.04954954954954955
                }, 
                {
                    "cluster": "cluster_5", 
                    "value": 0.0215311004784689
                }, 
                {
                    "cluster": "cluster_6", 
                    "value": 0.01890359168241966
                }, 
                {
                    "cluster": "cluster_7", 
                    "value": 0.012531328320802004
                }
            ]
        }, 
        {
            "variable": "dummy:State:MT", 
            "var": 0.0, 
            "values": [
                {
                    "cluster": "cluster_0", 
                    "value": 0.02443609022556391
                }, 
                {
                    "cluster": "cluster_1", 
                    "value": 0.032407407407407406
                }, 
                {
                    "cluster": "cluster_2", 
                    "value": 0.0038461538461538464
                }, 
                {
                    "cluster": "cluster_3", 
                    "value": 0.02033271719038817
                }, 
                {
                    "cluster": "cluster_4", 
                    "value": 0.02702702702702703
                }, 
                {
                    "cluster": "cluster_5", 
                    "value": 0.0215311004784689
                }, 
                {
                    "cluster": "cluster_6", 
                    "value": 0.00945179584120983
                }, 
                {
                    "cluster": "cluster_7", 
                    "value": 0.022556390977443608
                }
            ]
        }, 
        {
            "variable": "dummy:State:NJ", 
            "var": 0.0, 
            "values": [
                {
                    "cluster": "cluster_0", 
                    "value": 0.016917293233082706
                }, 
                {
                    "cluster": "cluster_1", 
                    "value": 0.018518518518518517
                }, 
                {
                    "cluster": "cluster_2", 
                    "value": 0.023076923076923078
                }, 
                {
                    "cluster": "cluster_3", 
                    "value": 0.011090573012939002
                }, 
                {
                    "cluster": "cluster_4", 
                    "value": 0.04954954954954955
                }, 
                {
                    "cluster": "cluster_5", 
                    "value": 0.014354066985645933
                }, 
                {
                    "cluster": "cluster_6", 
                    "value": 0.026465028355387523
                }, 
                {
                    "cluster": "cluster_7", 
                    "value": 0.020050125313283207
                }
            ]
        }, 
        {
            "variable": "dummy:State:NC", 
            "var": 0.0, 
            "values": [
                {
                    "cluster": "cluster_0", 
                    "value": 0.03195488721804511
                }, 
                {
                    "cluster": "cluster_1", 
                    "value": 0.016203703703703703
                }, 
                {
                    "cluster": "cluster_2", 
                    "value": 0.03461538461538462
                }, 
                {
                    "cluster": "cluster_3", 
                    "value": 0.009242144177449169
                }, 
                {
                    "cluster": "cluster_4", 
                    "value": 0.013513513513513514
                }, 
                {
                    "cluster": "cluster_5", 
                    "value": 0.0215311004784689
                }, 
                {
                    "cluster": "cluster_6", 
                    "value": 0.015122873345935728
                }, 
                {
                    "cluster": "cluster_7", 
                    "value": 0.02506265664160401
                }
            ]
        }, 
        {
            "variable": "dummy:State:NV", 
            "var": 0.0, 
            "values": [
                {
                    "cluster": "cluster_0", 
                    "value": 0.016917293233082706
                }, 
                {
                    "cluster": "cluster_1", 
                    "value": 0.018518518518518517
                }, 
                {
                    "cluster": "cluster_2", 
                    "value": 0.026923076923076925
                }, 
                {
                    "cluster": "cluster_3", 
                    "value": 0.022181146025878003
                }, 
                {
                    "cluster": "cluster_4", 
                    "value": 0.03153153153153153
                }, 
                {
                    "cluster": "cluster_5", 
                    "value": 0.0215311004784689
                }, 
                {
                    "cluster": "cluster_6", 
                    "value": 0.01890359168241966
                }, 
                {
                    "cluster": "cluster_7", 
                    "value": 0.010025062656641603
                }
            ]
        }, 
        {
            "variable": "dummy:State:WA", 
            "var": 0.0, 
            "values": [
                {
                    "cluster": "cluster_0", 
                    "value": 0.016917293233082706
                }, 
                {
                    "cluster": "cluster_1", 
                    "value": 0.018518518518518517
                }, 
                {
                    "cluster": "cluster_2", 
                    "value": 0.011538461538461539
                }, 
                {
                    "cluster": "cluster_3", 
                    "value": 0.029574861367837338
                }, 
                {
                    "cluster": "cluster_4", 
                    "value": 0.03153153153153153
                }, 
                {
                    "cluster": "cluster_5", 
                    "value": 0.0215311004784689
                }, 
                {
                    "cluster": "cluster_6", 
                    "value": 0.022684310018903593
                }, 
                {
                    "cluster": "cluster_7", 
                    "value": 0.005012531328320802
                }
            ]
        }, 
        {
            "variable": "dummy:State:CO", 
            "var": 0.0, 
            "values": [
                {
                    "cluster": "cluster_0", 
                    "value": 0.018796992481203006
                }, 
                {
                    "cluster": "cluster_1", 
                    "value": 0.023148148148148147
                }, 
                {
                    "cluster": "cluster_2", 
                    "value": 0.011538461538461539
                }, 
                {
                    "cluster": "cluster_3", 
                    "value": 0.022181146025878003
                }, 
                {
                    "cluster": "cluster_4", 
                    "value": 0.02252252252252252
                }, 
                {
                    "cluster": "cluster_5", 
                    "value": 0.0215311004784689
                }, 
                {
                    "cluster": "cluster_6", 
                    "value": 0.017013232514177693
                }, 
                {
                    "cluster": "cluster_7", 
                    "value": 0.020050125313283207
                }
            ]
        }, 
        {
            "variable": "dummy:State:MS", 
            "var": 0.0, 
            "values": [
                {
                    "cluster": "cluster_0", 
                    "value": 0.015037593984962405
                }, 
                {
                    "cluster": "cluster_1", 
                    "value": 0.02546296296296296
                }, 
                {
                    "cluster": "cluster_2", 
                    "value": 0.023076923076923078
                }, 
                {
                    "cluster": "cluster_3", 
                    "value": 0.022181146025878003
                }, 
                {
                    "cluster": "cluster_4", 
                    "value": 0.02252252252252252
                }, 
                {
                    "cluster": "cluster_5", 
                    "value": 0.011961722488038277
                }, 
                {
                    "cluster": "cluster_6", 
                    "value": 0.017013232514177693
                }, 
                {
                    "cluster": "cluster_7", 
                    "value": 0.022556390977443608
                }
            ]
        }, 
        {
            "variable": "dummy:State:RI", 
            "var": 0.0, 
            "values": [
                {
                    "cluster": "cluster_0", 
                    "value": 0.020676691729323307
                }, 
                {
                    "cluster": "cluster_1", 
                    "value": 0.016203703703703703
                }, 
                {
                    "cluster": "cluster_2", 
                    "value": 0.03076923076923077
                }, 
                {
                    "cluster": "cluster_3", 
                    "value": 0.0166358595194085
                }, 
                {
                    "cluster": "cluster_4", 
                    "value": 0.009009009009009009
                }, 
                {
                    "cluster": "cluster_5", 
                    "value": 0.01674641148325359
                }, 
                {
                    "cluster": "cluster_6", 
                    "value": 0.020793950850661626
                }, 
                {
                    "cluster": "cluster_7", 
                    "value": 0.02506265664160401
                }
            ]
        }, 
        {
            "variable": "dummy:State:MA", 
            "var": 0.0, 
            "values": [
                {
                    "cluster": "cluster_0", 
                    "value": 0.011278195488721804
                }, 
                {
                    "cluster": "cluster_1", 
                    "value": 0.020833333333333332
                }, 
                {
                    "cluster": "cluster_2", 
                    "value": 0.03076923076923077
                }, 
                {
                    "cluster": "cluster_3", 
                    "value": 0.0073937153419593345
                }, 
                {
                    "cluster": "cluster_4", 
                    "value": 0.02252252252252252
                }, 
                {
                    "cluster": "cluster_5", 
                    "value": 0.023923444976076555
                }, 
                {
                    "cluster": "cluster_6", 
                    "value": 0.026465028355387523
                }, 
                {
                    "cluster": "cluster_7", 
                    "value": 0.022556390977443608
                }
            ]
        }, 
        {
            "variable": "dummy:State:AZ", 
            "var": 0.0, 
            "values": [
                {
                    "cluster": "cluster_0", 
                    "value": 0.03195488721804511
                }, 
                {
                    "cluster": "cluster_1", 
                    "value": 0.032407407407407406
                }, 
                {
                    "cluster": "cluster_2", 
                    "value": 0.007692307692307693
                }, 
                {
                    "cluster": "cluster_3", 
                    "value": 0.025878003696857672
                }, 
                {
                    "cluster": "cluster_4", 
                    "value": 0.009009009009009009
                }, 
                {
                    "cluster": "cluster_5", 
                    "value": 0.007177033492822967
                }, 
                {
                    "cluster": "cluster_6", 
                    "value": 0.015122873345935728
                }, 
                {
                    "cluster": "cluster_7", 
                    "value": 0.010025062656641603
                }
            ]
        }, 
        {
            "variable": "dummy:State:MO", 
            "var": 0.0, 
            "values": [
                {
                    "cluster": "cluster_0", 
                    "value": 0.018796992481203006
                }, 
                {
                    "cluster": "cluster_1", 
                    "value": 0.023148148148148147
                }, 
                {
                    "cluster": "cluster_2", 
                    "value": 0.023076923076923078
                }, 
                {
                    "cluster": "cluster_3", 
                    "value": 0.022181146025878003
                }, 
                {
                    "cluster": "cluster_4", 
                    "value": 0.018018018018018018
                }, 
                {
                    "cluster": "cluster_5", 
                    "value": 0.009569377990430622
                }, 
                {
                    "cluster": "cluster_6", 
                    "value": 0.022684310018903593
                }, 
                {
                    "cluster": "cluster_7", 
                    "value": 0.012531328320802004
                }
            ]
        }, 
        {
            "variable": "dummy:State:FL", 
            "var": 0.0, 
            "values": [
                {
                    "cluster": "cluster_0", 
                    "value": 0.018796992481203006
                }, 
                {
                    "cluster": "cluster_1", 
                    "value": 0.020833333333333332
                }, 
                {
                    "cluster": "cluster_2", 
                    "value": 0.03076923076923077
                }, 
                {
                    "cluster": "cluster_3", 
                    "value": 0.012939001848428836
                }, 
                {
                    "cluster": "cluster_4", 
                    "value": 0.013513513513513514
                }, 
                {
                    "cluster": "cluster_5", 
                    "value": 0.02631578947368421
                }, 
                {
                    "cluster": "cluster_6", 
                    "value": 0.00945179584120983
                }, 
                {
                    "cluster": "cluster_7", 
                    "value": 0.02506265664160401
                }
            ]
        }, 
        {
            "variable": "dummy:State:NM", 
            "var": 0.0, 
            "values": [
                {
                    "cluster": "cluster_0", 
                    "value": 0.016917293233082706
                }, 
                {
                    "cluster": "cluster_1", 
                    "value": 0.020833333333333332
                }, 
                {
                    "cluster": "cluster_2", 
                    "value": 0.019230769230769232
                }, 
                {
                    "cluster": "cluster_3", 
                    "value": 0.014787430683918669
                }, 
                {
                    "cluster": "cluster_4", 
                    "value": 0.009009009009009009
                }, 
                {
                    "cluster": "cluster_5", 
                    "value": 0.023923444976076555
                }, 
                {
                    "cluster": "cluster_6", 
                    "value": 0.030245746691871456
                }, 
                {
                    "cluster": "cluster_7", 
                    "value": 0.007518796992481203
                }
            ]
        }, 
        {
            "variable": "dummy:State:ME", 
            "var": 0.0, 
            "values": [
                {
                    "cluster": "cluster_0", 
                    "value": 0.018796992481203006
                }, 
                {
                    "cluster": "cluster_1", 
                    "value": 0.018518518518518517
                }, 
                {
                    "cluster": "cluster_2", 
                    "value": 0.019230769230769232
                }, 
                {
                    "cluster": "cluster_3", 
                    "value": 0.0166358595194085
                }, 
                {
                    "cluster": "cluster_4", 
                    "value": 0.018018018018018018
                }, 
                {
                    "cluster": "cluster_5", 
                    "value": 0.023923444976076555
                }, 
                {
                    "cluster": "cluster_6", 
                    "value": 0.020793950850661626
                }, 
                {
                    "cluster": "cluster_7", 
                    "value": 0.012531328320802004
                }
            ]
        }, 
        {
            "variable": "dummy:State:ND", 
            "var": 0.0, 
            "values": [
                {
                    "cluster": "cluster_0", 
                    "value": 0.022556390977443608
                }, 
                {
                    "cluster": "cluster_1", 
                    "value": 0.02546296296296296
                }, 
                {
                    "cluster": "cluster_2", 
                    "value": 0.026923076923076925
                }, 
                {
                    "cluster": "cluster_3", 
                    "value": 0.0073937153419593345
                }, 
                {
                    "cluster": "cluster_4", 
                    "value": 0.018018018018018018
                }, 
                {
                    "cluster": "cluster_5", 
                    "value": 0.02631578947368421
                }, 
                {
                    "cluster": "cluster_6", 
                    "value": 0.011342155009451797
                }, 
                {
                    "cluster": "cluster_7", 
                    "value": 0.017543859649122806
                }
            ]
        }, 
        {
            "variable": "dummy:State:DE", 
            "var": 0.0, 
            "values": [
                {
                    "cluster": "cluster_0", 
                    "value": 0.015037593984962405
                }, 
                {
                    "cluster": "cluster_1", 
                    "value": 0.018518518518518517
                }, 
                {
                    "cluster": "cluster_2", 
                    "value": 0.03461538461538462
                }, 
                {
                    "cluster": "cluster_3", 
                    "value": 0.014787430683918669
                }, 
                {
                    "cluster": "cluster_4", 
                    "value": 0.013513513513513514
                }, 
                {
                    "cluster": "cluster_5", 
                    "value": 0.023923444976076555
                }, 
                {
                    "cluster": "cluster_6", 
                    "value": 0.020793950850661626
                }, 
                {
                    "cluster": "cluster_7", 
                    "value": 0.010025062656641603
                }
            ]
        }, 
        {
            "variable": "dummy:State:OK", 
            "var": 0.0, 
            "values": [
                {
                    "cluster": "cluster_0", 
                    "value": 0.016917293233082706
                }, 
                {
                    "cluster": "cluster_1", 
                    "value": 0.018518518518518517
                }, 
                {
                    "cluster": "cluster_2", 
                    "value": 0.019230769230769232
                }, 
                {
                    "cluster": "cluster_3", 
                    "value": 0.022181146025878003
                }, 
                {
                    "cluster": "cluster_4", 
                    "value": 0.018018018018018018
                }, 
                {
                    "cluster": "cluster_5", 
                    "value": 0.01674641148325359
                }, 
                {
                    "cluster": "cluster_6", 
                    "value": 0.015122873345935728
                }, 
                {
                    "cluster": "cluster_7", 
                    "value": 0.020050125313283207
                }
            ]
        }, 
        {
            "variable": "dummy:State:NE", 
            "var": 0.0, 
            "values": [
                {
                    "cluster": "cluster_0", 
                    "value": 0.020676691729323307
                }, 
                {
                    "cluster": "cluster_1", 
                    "value": 0.018518518518518517
                }, 
                {
                    "cluster": "cluster_2", 
                    "value": 0.007692307692307693
                }, 
                {
                    "cluster": "cluster_3", 
                    "value": 0.014787430683918669
                }, 
                {
                    "cluster": "cluster_4", 
                    "value": 0.018018018018018018
                }, 
                {
                    "cluster": "cluster_5", 
                    "value": 0.019138755980861243
                }, 
                {
                    "cluster": "cluster_6", 
                    "value": 0.022684310018903593
                }, 
                {
                    "cluster": "cluster_7", 
                    "value": 0.020050125313283207
                }
            ]
        }, 
        {
            "variable": "dummy:State:SC", 
            "var": 0.0, 
            "values": [
                {
                    "cluster": "cluster_0", 
                    "value": 0.013157894736842105
                }, 
                {
                    "cluster": "cluster_1", 
                    "value": 0.02546296296296296
                }, 
                {
                    "cluster": "cluster_2", 
                    "value": 0.007692307692307693
                }, 
                {
                    "cluster": "cluster_3", 
                    "value": 0.031423290203327174
                }, 
                {
                    "cluster": "cluster_4", 
                    "value": 0.03153153153153153
                }, 
                {
                    "cluster": "cluster_5", 
                    "value": 0.009569377990430622
                }, 
                {
                    "cluster": "cluster_6", 
                    "value": 0.013232514177693762
                }, 
                {
                    "cluster": "cluster_7", 
                    "value": 0.012531328320802004
                }
            ]
        }, 
        {
            "variable": "dummy:State:SD", 
            "var": 0.0, 
            "values": [
                {
                    "cluster": "cluster_0", 
                    "value": 0.02631578947368421
                }, 
                {
                    "cluster": "cluster_1", 
                    "value": 0.02546296296296296
                }, 
                {
                    "cluster": "cluster_2", 
                    "value": 0.015384615384615385
                }, 
                {
                    "cluster": "cluster_3", 
                    "value": 0.009242144177449169
                }, 
                {
                    "cluster": "cluster_4", 
                    "value": 0.013513513513513514
                }, 
                {
                    "cluster": "cluster_5", 
                    "value": 0.02631578947368421
                }, 
                {
                    "cluster": "cluster_6", 
                    "value": 0.007561436672967864
                }, 
                {
                    "cluster": "cluster_7", 
                    "value": 0.020050125313283207
                }
            ]
        }, 
        {
            "variable": "dummy:State:KY", 
            "var": 0.0, 
            "values": [
                {
                    "cluster": "cluster_0", 
                    "value": 0.018796992481203006
                }, 
                {
                    "cluster": "cluster_1", 
                    "value": 0.02546296296296296
                }, 
                {
                    "cluster": "cluster_2", 
                    "value": 0.015384615384615385
                }, 
                {
                    "cluster": "cluster_3", 
                    "value": 0.018484288354898338
                }, 
                {
                    "cluster": "cluster_4", 
                    "value": 0.013513513513513514
                }, 
                {
                    "cluster": "cluster_5", 
                    "value": 0.019138755980861243
                }, 
                {
                    "cluster": "cluster_6", 
                    "value": 0.017013232514177693
                }, 
                {
                    "cluster": "cluster_7", 
                    "value": 0.010025062656641603
                }
            ]
        }, 
        {
            "variable": "dummy:State:IL", 
            "var": 0.0, 
            "values": [
                {
                    "cluster": "cluster_0", 
                    "value": 0.011278195488721804
                }, 
                {
                    "cluster": "cluster_1", 
                    "value": 0.011574074074074073
                }, 
                {
                    "cluster": "cluster_2", 
                    "value": 0.05
                }, 
                {
                    "cluster": "cluster_3", 
                    "value": 0.027726432532347505
                }, 
                {
                    "cluster": "cluster_4", 
                    "value": 0.0
                }, 
                {
                    "cluster": "cluster_5", 
                    "value": 0.019138755980861243
                }, 
                {
                    "cluster": "cluster_6", 
                    "value": 0.00945179584120983
                }, 
                {
                    "cluster": "cluster_7", 
                    "value": 0.015037593984962405
                }
            ]
        }, 
        {
            "variable": "dummy:State:NH", 
            "var": 0.0, 
            "values": [
                {
                    "cluster": "cluster_0", 
                    "value": 0.016917293233082706
                }, 
                {
                    "cluster": "cluster_1", 
                    "value": 0.020833333333333332
                }, 
                {
                    "cluster": "cluster_2", 
                    "value": 0.007692307692307693
                }, 
                {
                    "cluster": "cluster_3", 
                    "value": 0.018484288354898338
                }, 
                {
                    "cluster": "cluster_4", 
                    "value": 0.018018018018018018
                }, 
                {
                    "cluster": "cluster_5", 
                    "value": 0.007177033492822967
                }, 
                {
                    "cluster": "cluster_6", 
                    "value": 0.026465028355387523
                }, 
                {
                    "cluster": "cluster_7", 
                    "value": 0.012531328320802004
                }
            ]
        }, 
        {
            "variable": "dummy:State:AR", 
            "var": 0.0, 
            "values": [
                {
                    "cluster": "cluster_0", 
                    "value": 0.007518796992481203
                }, 
                {
                    "cluster": "cluster_1", 
                    "value": 0.013888888888888888
                }, 
                {
                    "cluster": "cluster_2", 
                    "value": 0.023076923076923078
                }, 
                {
                    "cluster": "cluster_3", 
                    "value": 0.018484288354898338
                }, 
                {
                    "cluster": "cluster_4", 
                    "value": 0.018018018018018018
                }, 
                {
                    "cluster": "cluster_5", 
                    "value": 0.011961722488038277
                }, 
                {
                    "cluster": "cluster_6", 
                    "value": 0.022684310018903593
                }, 
                {
                    "cluster": "cluster_7", 
                    "value": 0.020050125313283207
                }
            ]
        }, 
        {
            "variable": "dummy:State:DC", 
            "var": 0.0, 
            "values": [
                {
                    "cluster": "cluster_0", 
                    "value": 0.009398496240601503
                }, 
                {
                    "cluster": "cluster_1", 
                    "value": 0.018518518518518517
                }, 
                {
                    "cluster": "cluster_2", 
                    "value": 0.007692307692307693
                }, 
                {
                    "cluster": "cluster_3", 
                    "value": 0.022181146025878003
                }, 
                {
                    "cluster": "cluster_4", 
                    "value": 0.0045045045045045045
                }, 
                {
                    "cluster": "cluster_5", 
                    "value": 0.014354066985645933
                }, 
                {
                    "cluster": "cluster_6", 
                    "value": 0.01890359168241966
                }, 
                {
                    "cluster": "cluster_7", 
                    "value": 0.02506265664160401
                }
            ]
        }, 
        {
            "variable": "dummy:State:GA", 
            "var": 0.0, 
            "values": [
                {
                    "cluster": "cluster_0", 
                    "value": 0.015037593984962405
                }, 
                {
                    "cluster": "cluster_1", 
                    "value": 0.013888888888888888
                }, 
                {
                    "cluster": "cluster_2", 
                    "value": 0.007692307692307693
                }, 
                {
                    "cluster": "cluster_3", 
                    "value": 0.02033271719038817
                }, 
                {
                    "cluster": "cluster_4", 
                    "value": 0.018018018018018018
                }, 
                {
                    "cluster": "cluster_5", 
                    "value": 0.011961722488038277
                }, 
                {
                    "cluster": "cluster_6", 
                    "value": 0.011342155009451797
                }, 
                {
                    "cluster": "cluster_7", 
                    "value": 0.03007518796992481
                }
            ]
        }, 
        {
            "variable": "dummy:State:TN", 
            "var": 0.0, 
            "values": [
                {
                    "cluster": "cluster_0", 
                    "value": 0.013157894736842105
                }, 
                {
                    "cluster": "cluster_1", 
                    "value": 0.013888888888888888
                }, 
                {
                    "cluster": "cluster_2", 
                    "value": 0.019230769230769232
                }, 
                {
                    "cluster": "cluster_3", 
                    "value": 0.014787430683918669
                }, 
                {
                    "cluster": "cluster_4", 
                    "value": 0.009009009009009009
                }, 
                {
                    "cluster": "cluster_5", 
                    "value": 0.01674641148325359
                }, 
                {
                    "cluster": "cluster_6", 
                    "value": 0.01890359168241966
                }, 
                {
                    "cluster": "cluster_7", 
                    "value": 0.020050125313283207
                }
            ]
        }, 
        {
            "variable": "dummy:State:HI", 
            "var": 0.0, 
            "values": [
                {
                    "cluster": "cluster_0", 
                    "value": 0.015037593984962405
                }, 
                {
                    "cluster": "cluster_1", 
                    "value": 0.023148148148148147
                }, 
                {
                    "cluster": "cluster_2", 
                    "value": 0.011538461538461539
                }, 
                {
                    "cluster": "cluster_3", 
                    "value": 0.022181146025878003
                }, 
                {
                    "cluster": "cluster_4", 
                    "value": 0.009009009009009009
                }, 
                {
                    "cluster": "cluster_5", 
                    "value": 0.02631578947368421
                }, 
                {
                    "cluster": "cluster_6", 
                    "value": 0.00945179584120983
                }, 
                {
                    "cluster": "cluster_7", 
                    "value": 0.005012531328320802
                }
            ]
        }, 
        {
            "variable": "dummy:State:AK", 
            "var": 0.0, 
            "values": [
                {
                    "cluster": "cluster_0", 
                    "value": 0.015037593984962405
                }, 
                {
                    "cluster": "cluster_1", 
                    "value": 0.020833333333333332
                }, 
                {
                    "cluster": "cluster_2", 
                    "value": 0.015384615384615385
                }, 
                {
                    "cluster": "cluster_3", 
                    "value": 0.02033271719038817
                }, 
                {
                    "cluster": "cluster_4", 
                    "value": 0.0
                }, 
                {
                    "cluster": "cluster_5", 
                    "value": 0.019138755980861243
                }, 
                {
                    "cluster": "cluster_6", 
                    "value": 0.013232514177693762
                }, 
                {
                    "cluster": "cluster_7", 
                    "value": 0.012531328320802004
                }
            ]
        }, 
        {
            "variable": "dummy:State:LA", 
            "var": 0.0, 
            "values": [
                {
                    "cluster": "cluster_0", 
                    "value": 0.016917293233082706
                }, 
                {
                    "cluster": "cluster_1", 
                    "value": 0.016203703703703703
                }, 
                {
                    "cluster": "cluster_2", 
                    "value": 0.0038461538461538464
                }, 
                {
                    "cluster": "cluster_3", 
                    "value": 0.014787430683918669
                }, 
                {
                    "cluster": "cluster_4", 
                    "value": 0.0
                }, 
                {
                    "cluster": "cluster_5", 
                    "value": 0.03588516746411483
                }, 
                {
                    "cluster": "cluster_6", 
                    "value": 0.00945179584120983
                }, 
                {
                    "cluster": "cluster_7", 
                    "value": 0.015037593984962405
                }
            ]
        }, 
        {
            "variable": "dummy:State:PA", 
            "var": 0.0, 
            "values": [
                {
                    "cluster": "cluster_0", 
                    "value": 0.015037593984962405
                }, 
                {
                    "cluster": "cluster_1", 
                    "value": 0.013888888888888888
                }, 
                {
                    "cluster": "cluster_2", 
                    "value": 0.023076923076923078
                }, 
                {
                    "cluster": "cluster_3", 
                    "value": 0.014787430683918669
                }, 
                {
                    "cluster": "cluster_4", 
                    "value": 0.013513513513513514
                }, 
                {
                    "cluster": "cluster_5", 
                    "value": 0.009569377990430622
                }, 
                {
                    "cluster": "cluster_6", 
                    "value": 0.007561436672967864
                }, 
                {
                    "cluster": "cluster_7", 
                    "value": 0.015037593984962405
                }
            ]
        }, 
        {
            "variable": "dummy:State:IA", 
            "var": 0.0, 
            "values": [
                {
                    "cluster": "cluster_0", 
                    "value": 0.015037593984962405
                }, 
                {
                    "cluster": "cluster_1", 
                    "value": 0.018518518518518517
                }, 
                {
                    "cluster": "cluster_2", 
                    "value": 0.0
                }, 
                {
                    "cluster": "cluster_3", 
                    "value": 0.012939001848428836
                }, 
                {
                    "cluster": "cluster_4", 
                    "value": 0.009009009009009009
                }, 
                {
                    "cluster": "cluster_5", 
                    "value": 0.0215311004784689
                }, 
                {
                    "cluster": "cluster_6", 
                    "value": 0.013232514177693762
                }, 
                {
                    "cluster": "cluster_7", 
                    "value": 0.007518796992481203
                }
            ]
        }, 
        {
            "variable": "dummy:State:CA", 
            "var": 0.0, 
            "values": [
                {
                    "cluster": "cluster_0", 
                    "value": 0.011278195488721804
                }, 
                {
                    "cluster": "cluster_1", 
                    "value": 0.013888888888888888
                }, 
                {
                    "cluster": "cluster_2", 
                    "value": 0.015384615384615385
                }, 
                {
                    "cluster": "cluster_3", 
                    "value": 0.0036968576709796672
                }, 
                {
                    "cluster": "cluster_4", 
                    "value": 0.013513513513513514
                }, 
                {
                    "cluster": "cluster_5", 
                    "value": 0.014354066985645933
                }, 
                {
                    "cluster": "cluster_6", 
                    "value": 0.005671077504725898
                }, 
                {
                    "cluster": "cluster_7", 
                    "value": 0.010025062656641603
                }
            ]
        }, 
        {
            "variable": "dummy:State:N/A", 
            "var": 0.0, 
            "values": [
                {
                    "cluster": "cluster_0", 
                    "value": 0.0
                }, 
                {
                    "cluster": "cluster_1", 
                    "value": 0.0
                }, 
                {
                    "cluster": "cluster_2", 
                    "value": 0.0
                }, 
                {
                    "cluster": "cluster_3", 
                    "value": 0.0
                }, 
                {
                    "cluster": "cluster_4", 
                    "value": 0.0
                }, 
                {
                    "cluster": "cluster_5", 
                    "value": 0.0
                }, 
                {
                    "cluster": "cluster_6", 
                    "value": 0.0
                }, 
                {
                    "cluster": "cluster_7", 
                    "value": 0.0
                }
            ]
        }, 
        {
            "variable": "dummy:State:__Others__", 
            "var": 0.0, 
            "values": [
                {
                    "cluster": "cluster_0", 
                    "value": 0.0
                }, 
                {
                    "cluster": "cluster_1", 
                    "value": 0.0
                }, 
                {
                    "cluster": "cluster_2", 
                    "value": 0.0
                }, 
                {
                    "cluster": "cluster_3", 
                    "value": 0.0
                }, 
                {
                    "cluster": "cluster_4", 
                    "value": 0.0
                }, 
                {
                    "cluster": "cluster_5", 
                    "value": 0.0
                }, 
                {
                    "cluster": "cluster_6", 
                    "value": 0.0
                }, 
                {
                    "cluster": "cluster_7", 
                    "value": 0.0
                }
            ]
        }, 
        {
            "variable": "Int'l Plan", 
            "var": 0.12, 
            "values": [
                {
                    "cluster": "cluster_0", 
                    "value": 0.0
                }, 
                {
                    "cluster": "cluster_1", 
                    "value": 0.011574074074074073
                }, 
                {
                    "cluster": "cluster_2", 
                    "value": 1.0
                }, 
                {
                    "cluster": "cluster_3", 
                    "value": 0.0166358595194085
                }, 
                {
                    "cluster": "cluster_4", 
                    "value": 0.13513513513513514
                }, 
                {
                    "cluster": "cluster_5", 
                    "value": 0.004784688995215311
                }, 
                {
                    "cluster": "cluster_6", 
                    "value": 0.003780718336483932
                }, 
                {
                    "cluster": "cluster_7", 
                    "value": 0.03759398496240601
                }
            ]
        }, 
        {
            "variable": "CustServ Calls", 
            "var": 0.01, 
            "values": [
                {
                    "cluster": "cluster_0", 
                    "value": 1.5714285714285714
                }, 
                {
                    "cluster": "cluster_1", 
                    "value": 1.6041666666666667
                }, 
                {
                    "cluster": "cluster_2", 
                    "value": 1.4307692307692308
                }, 
                {
                    "cluster": "cluster_3", 
                    "value": 1.7060998151571165
                }, 
                {
                    "cluster": "cluster_4", 
                    "value": 1.5495495495495495
                }, 
                {
                    "cluster": "cluster_5", 
                    "value": 1.4880382775119618
                }, 
                {
                    "cluster": "cluster_6", 
                    "value": 1.5746691871455576
                }, 
                {
                    "cluster": "cluster_7", 
                    "value": 1.468671679197995
                }
            ]
        }, 
        {
            "variable": "VMail Message", 
            "var": 174.05, 
            "values": [
                {
                    "cluster": "cluster_0", 
                    "value": 0.13721804511278196
                }, 
                {
                    "cluster": "cluster_1", 
                    "value": 29.16435185185185
                }, 
                {
                    "cluster": "cluster_2", 
                    "value": 7.480769230769231
                }, 
                {
                    "cluster": "cluster_3", 
                    "value": 0.06099815157116451
                }, 
                {
                    "cluster": "cluster_4", 
                    "value": 0.7387387387387387
                }, 
                {
                    "cluster": "cluster_5", 
                    "value": 0.5885167464114832
                }, 
                {
                    "cluster": "cluster_6", 
                    "value": 0.05860113421550094
                }, 
                {
                    "cluster": "cluster_7", 
                    "value": 29.832080200501252
                }
            ]
        }, 
        {
            "variable": "Night_Mins", 
            "var": 809.27, 
            "values": [
                {
                    "cluster": "cluster_0", 
                    "value": 157.00507518796977
                }, 
                {
                    "cluster": "cluster_1", 
                    "value": 186.61504629629616
                }, 
                {
                    "cluster": "cluster_2", 
                    "value": 191.94576923076923
                }, 
                {
                    "cluster": "cluster_3", 
                    "value": 181.07486136783723
                }, 
                {
                    "cluster": "cluster_4", 
                    "value": 218.72927927927915
                }, 
                {
                    "cluster": "cluster_5", 
                    "value": 217.43349282296657
                }, 
                {
                    "cluster": "cluster_6", 
                    "value": 247.70453686200338
                }, 
                {
                    "cluster": "cluster_7", 
                    "value": 218.07994987468663
                }
            ]
        }, 
        {
            "variable": "Intl_Mins", 
            "var": 2.38, 
            "values": [
                {
                    "cluster": "cluster_0", 
                    "value": 11.17161654135338
                }, 
                {
                    "cluster": "cluster_1", 
                    "value": 10.014120370370367
                }, 
                {
                    "cluster": "cluster_2", 
                    "value": 10.771538461538462
                }, 
                {
                    "cluster": "cluster_3", 
                    "value": 9.991497227356758
                }, 
                {
                    "cluster": "cluster_4", 
                    "value": 10.422072072072075
                }, 
                {
                    "cluster": "cluster_5", 
                    "value": 6.738755980861243
                }, 
                {
                    "cluster": "cluster_6", 
                    "value": 11.997731568998109
                }, 
                {
                    "cluster": "cluster_7", 
                    "value": 10.446616541353388
                }
            ]
        }, 
        {
            "variable": "Account Length", 
            "var": 3.81, 
            "values": [
                {
                    "cluster": "cluster_0", 
                    "value": 100.78195488721805
                }, 
                {
                    "cluster": "cluster_1", 
                    "value": 98.10185185185185
                }, 
                {
                    "cluster": "cluster_2", 
                    "value": 104.55
                }, 
                {
                    "cluster": "cluster_3", 
                    "value": 101.4195933456562
                }, 
                {
                    "cluster": "cluster_4", 
                    "value": 102.00450450450451
                }, 
                {
                    "cluster": "cluster_5", 
                    "value": 101.53588516746412
                }, 
                {
                    "cluster": "cluster_6", 
                    "value": 99.62003780718337
                }, 
                {
                    "cluster": "cluster_7", 
                    "value": 102.796992481203
                }
            ]
        }, 
        {
            "variable": "Eve_Mins", 
            "var": 524.81, 
            "values": [
                {
                    "cluster": "cluster_0", 
                    "value": 207.36691729323277
                }, 
                {
                    "cluster": "cluster_1", 
                    "value": 180.70925925925934
                }, 
                {
                    "cluster": "cluster_2", 
                    "value": 198.30961538461543
                }, 
                {
                    "cluster": "cluster_3", 
                    "value": 166.77042513863208
                }, 
                {
                    "cluster": "cluster_4", 
                    "value": 237.49009009009
                }, 
                {
                    "cluster": "cluster_5", 
                    "value": 211.59330143540657
                }, 
                {
                    "cluster": "cluster_6", 
                    "value": 204.18657844990543
                }, 
                {
                    "cluster": "cluster_7", 
                    "value": 226.85488721804512
                }
            ]
        }, 
        {
            "variable": "Eve Calls", 
            "var": 0.39, 
            "values": [
                {
                    "cluster": "cluster_0", 
                    "value": 100.85526315789474
                }, 
                {
                    "cluster": "cluster_1", 
                    "value": 99.47916666666667
                }, 
                {
                    "cluster": "cluster_2", 
                    "value": 100.8076923076923
                }, 
                {
                    "cluster": "cluster_3", 
                    "value": 100.19593345656192
                }, 
                {
                    "cluster": "cluster_4", 
                    "value": 100.51801801801801
                }, 
                {
                    "cluster": "cluster_5", 
                    "value": 99.32535885167464
                }, 
                {
                    "cluster": "cluster_6", 
                    "value": 99.5633270321361
                }, 
                {
                    "cluster": "cluster_7", 
                    "value": 100.58395989974937
                }
            ]
        }, 
        {
            "variable": "Total_min", 
            "var": 6437.66, 
            "values": [
                {
                    "cluster": "cluster_0", 
                    "value": 574.9966165413534
                }, 
                {
                    "cluster": "cluster_1", 
                    "value": 524.7428240740745
                }, 
                {
                    "cluster": "cluster_2", 
                    "value": 583.231153846154
                }, 
                {
                    "cluster": "cluster_3", 
                    "value": 481.2221811460256
                }, 
                {
                    "cluster": "cluster_4", 
                    "value": 732.8265765765763
                }, 
                {
                    "cluster": "cluster_5", 
                    "value": 623.7188995215314
                }, 
                {
                    "cluster": "cluster_6", 
                    "value": 638.2066162570884
                }, 
                {
                    "cluster": "cluster_7", 
                    "value": 669.4325814536345
                }
            ]
        }, 
        {
            "variable": "Eve_Charge", 
            "var": 3.79, 
            "values": [
                {
                    "cluster": "cluster_0", 
                    "value": 17.626278195488712
                }, 
                {
                    "cluster": "cluster_1", 
                    "value": 15.360532407407403
                }, 
                {
                    "cluster": "cluster_2", 
                    "value": 16.856653846153836
                }, 
                {
                    "cluster": "cluster_3", 
                    "value": 14.175767097966718
                }, 
                {
                    "cluster": "cluster_4", 
                    "value": 20.18648648648647
                }, 
                {
                    "cluster": "cluster_5", 
                    "value": 17.9857894736842
                }, 
                {
                    "cluster": "cluster_6", 
                    "value": 17.355973534971632
                }, 
                {
                    "cluster": "cluster_7", 
                    "value": 19.28300751879702
                }
            ]
        }, 
        {
            "variable": "Day_Mins", 
            "var": 1850.91, 
            "values": [
                {
                    "cluster": "cluster_0", 
                    "value": 199.45300751879694
                }, 
                {
                    "cluster": "cluster_1", 
                    "value": 147.40439814814818
                }, 
                {
                    "cluster": "cluster_2", 
                    "value": 182.2042307692308
                }, 
                {
                    "cluster": "cluster_3", 
                    "value": 123.38539741219965
                }, 
                {
                    "cluster": "cluster_4", 
                    "value": 266.1851351351351
                }, 
                {
                    "cluster": "cluster_5", 
                    "value": 187.9533492822965
                }, 
                {
                    "cluster": "cluster_6", 
                    "value": 174.31776937618147
                }, 
                {
                    "cluster": "cluster_7", 
                    "value": 214.05112781954887
                }
            ]
        }, 
        {
            "variable": "Intl_Charge", 
            "var": 0.17, 
            "values": [
                {
                    "cluster": "cluster_0", 
                    "value": 3.0168233082706783
                }, 
                {
                    "cluster": "cluster_1", 
                    "value": 2.7042592592592616
                }, 
                {
                    "cluster": "cluster_2", 
                    "value": 2.908653846153848
                }, 
                {
                    "cluster": "cluster_3", 
                    "value": 2.69826247689464
                }, 
                {
                    "cluster": "cluster_4", 
                    "value": 2.814774774774776
                }, 
                {
                    "cluster": "cluster_5", 
                    "value": 1.8201196172248795
                }, 
                {
                    "cluster": "cluster_6", 
                    "value": 3.2396597353497163
                }, 
                {
                    "cluster": "cluster_7", 
                    "value": 2.821253132832079
                }
            ]
        }, 
        {
            "variable": "Day Calls", 
            "var": 2.25, 
            "values": [
                {
                    "cluster": "cluster_0", 
                    "value": 100.72368421052632
                }, 
                {
                    "cluster": "cluster_1", 
                    "value": 100.24305555555556
                }, 
                {
                    "cluster": "cluster_2", 
                    "value": 100.73076923076923
                }, 
                {
                    "cluster": "cluster_3", 
                    "value": 100.22735674676525
                }, 
                {
                    "cluster": "cluster_4", 
                    "value": 102.66216216216216
                }, 
                {
                    "cluster": "cluster_5", 
                    "value": 97.9090909090909
                }, 
                {
                    "cluster": "cluster_6", 
                    "value": 102.20982986767486
                }, 
                {
                    "cluster": "cluster_7", 
                    "value": 99.40601503759399
                }
            ]
        }, 
        {
            "variable": "Total_Charge", 
            "var": 94.86, 
            "values": [
                {
                    "cluster": "cluster_0", 
                    "value": 61.61597744360902
                }, 
                {
                    "cluster": "cluster_1", 
                    "value": 51.521597222222255
                }, 
                {
                    "cluster": "cluster_2", 
                    "value": 59.378153846153864
                }, 
                {
                    "cluster": "cluster_3", 
                    "value": 45.99863216266173
                }, 
                {
                    "cluster": "cluster_4", 
                    "value": 78.09612612612612
                }, 
                {
                    "cluster": "cluster_5", 
                    "value": 61.54287081339714
                }, 
                {
                    "cluster": "cluster_6", 
                    "value": 61.377315689981096
                }, 
                {
                    "cluster": "cluster_7", 
                    "value": 68.30716791979948
                }
            ]
        }, 
        {
            "variable": "Churn?", 
            "var": 0.12, 
            "values": [
                {
                    "cluster": "cluster_0", 
                    "value": 0.020676691729323307
                }, 
                {
                    "cluster": "cluster_1", 
                    "value": 0.0763888888888889
                }, 
                {
                    "cluster": "cluster_2", 
                    "value": 0.40384615384615385
                }, 
                {
                    "cluster": "cluster_3", 
                    "value": 0.13493530499075784
                }, 
                {
                    "cluster": "cluster_4", 
                    "value": 1.0
                }, 
                {
                    "cluster": "cluster_5", 
                    "value": 0.019138755980861243
                }, 
                {
                    "cluster": "cluster_6", 
                    "value": 0.03969754253308128
                }, 
                {
                    "cluster": "cluster_7", 
                    "value": 0.02506265664160401
                }
            ]
        }, 
        {
            "variable": "Night_Charge", 
            "var": 1.64, 
            "values": [
                {
                    "cluster": "cluster_0", 
                    "value": 7.065206766917297
                }, 
                {
                    "cluster": "cluster_1", 
                    "value": 8.397731481481483
                }, 
                {
                    "cluster": "cluster_2", 
                    "value": 8.63757692307692
                }, 
                {
                    "cluster": "cluster_3", 
                    "value": 8.148558225508312
                }, 
                {
                    "cluster": "cluster_4", 
                    "value": 9.842882882882881
                }, 
                {
                    "cluster": "cluster_5", 
                    "value": 9.78444976076555
                }, 
                {
                    "cluster": "cluster_6", 
                    "value": 11.146975425330812
                }, 
                {
                    "cluster": "cluster_7", 
                    "value": 9.813659147869664
                }
            ]
        }, 
        {
            "variable": "Night Calls", 
            "var": 0.69, 
            "values": [
                {
                    "cluster": "cluster_0", 
                    "value": 99.11466165413533
                }, 
                {
                    "cluster": "cluster_1", 
                    "value": 100.40277777777777
                }, 
                {
                    "cluster": "cluster_2", 
                    "value": 101.06923076923077
                }, 
                {
                    "cluster": "cluster_3", 
                    "value": 99.33086876155268
                }, 
                {
                    "cluster": "cluster_4", 
                    "value": 100.36486486486487
                }, 
                {
                    "cluster": "cluster_5", 
                    "value": 101.19377990430623
                }, 
                {
                    "cluster": "cluster_6", 
                    "value": 99.53497164461248
                }, 
                {
                    "cluster": "cluster_7", 
                    "value": 101.01754385964912
                }
            ]
        }, 
        {
            "variable": "Intl Calls", 
            "var": 0.02, 
            "values": [
                {
                    "cluster": "cluster_0", 
                    "value": 4.398496240601504
                }, 
                {
                    "cluster": "cluster_1", 
                    "value": 4.37962962962963
                }, 
                {
                    "cluster": "cluster_2", 
                    "value": 4.546153846153846
                }, 
                {
                    "cluster": "cluster_3", 
                    "value": 4.628465804066543
                }, 
                {
                    "cluster": "cluster_4", 
                    "value": 4.414414414414415
                }, 
                {
                    "cluster": "cluster_5", 
                    "value": 4.260765550239235
                }, 
                {
                    "cluster": "cluster_6", 
                    "value": 4.534971644612476
                }, 
                {
                    "cluster": "cluster_7", 
                    "value": 4.641604010025063
                }
            ]
        }, 
        {
            "variable": "Day_Charge", 
            "var": 53.49, 
            "values": [
                {
                    "cluster": "cluster_0", 
                    "value": 33.907669172932366
                }, 
                {
                    "cluster": "cluster_1", 
                    "value": 25.059074074074047
                }, 
                {
                    "cluster": "cluster_2", 
                    "value": 30.975269230769243
                }, 
                {
                    "cluster": "cluster_3", 
                    "value": 20.976044362292036
                }, 
                {
                    "cluster": "cluster_4", 
                    "value": 45.251981981981984
                }, 
                {
                    "cluster": "cluster_5", 
                    "value": 31.952511961722493
                }, 
                {
                    "cluster": "cluster_6", 
                    "value": 29.63470699432892
                }, 
                {
                    "cluster": "cluster_7", 
                    "value": 36.389248120300735
                }
            ]
        }, 
        {
            "variable": "VMail Plan", 
            "var": 0.2, 
            "values": [
                {
                    "cluster": "cluster_0", 
                    "value": 0.005639097744360902
                }, 
                {
                    "cluster": "cluster_1", 
                    "value": 1.0
                }, 
                {
                    "cluster": "cluster_2", 
                    "value": 0.25769230769230766
                }, 
                {
                    "cluster": "cluster_3", 
                    "value": 0.0036968576709796672
                }, 
                {
                    "cluster": "cluster_4", 
                    "value": 0.02702702702702703
                }, 
                {
                    "cluster": "cluster_5", 
                    "value": 0.02631578947368421
                }, 
                {
                    "cluster": "cluster_6", 
                    "value": 0.003780718336483932
                }, 
                {
                    "cluster": "cluster_7", 
                    "value": 1.0
                }
            ]
        }, 
        {
            "variable": "Area Code", 
            "var": 15.5, 
            "values": [
                {
                    "cluster": "cluster_0", 
                    "value": 435.4793233082707
                }, 
                {
                    "cluster": "cluster_1", 
                    "value": 434.93981481481484
                }, 
                {
                    "cluster": "cluster_2", 
                    "value": 444.8884615384615
                }, 
                {
                    "cluster": "cluster_3", 
                    "value": 438.5988909426987
                }, 
                {
                    "cluster": "cluster_4", 
                    "value": 434.13963963963965
                }, 
                {
                    "cluster": "cluster_5", 
                    "value": 441.0861244019139
                }, 
                {
                    "cluster": "cluster_6", 
                    "value": 433.2741020793951
                }, 
                {
                    "cluster": "cluster_7", 
                    "value": 437.72431077694233
                }
            ]
        }, 
        {
            "variable": "cluster_size", 
            "var": 14909.7, 
            "values": [
                {
                    "cluster": "cluster_3", 
                    "value": 541
                }, 
                {
                    "cluster": "cluster_0", 
                    "value": 532
                }, 
                {
                    "cluster": "cluster_6", 
                    "value": 529
                }, 
                {
                    "cluster": "cluster_1", 
                    "value": 432
                }, 
                {
                    "cluster": "cluster_5", 
                    "value": 418
                }, 
                {
                    "cluster": "cluster_7", 
                    "value": 399
                }, 
                {
                    "cluster": "cluster_2", 
                    "value": 260
                }, 
                {
                    "cluster": "cluster_4", 
                    "value": 222
                }
            ]
        }
    ]
}