{"clusters": [{"facts": [{"std": 0.0, "global_mean": 0.14491449144914492, "feature_label": "Churn?", "global_std": 0.35206742362412946, "cluster_label": "cluster_0", "diff": 2.4287549803635127, "type": "numerical", "mean": 1.0}, {"std": 6.244109258892082, "global_mean": 59.44975397539747, "feature_label": "Total_Charge", "global_std": 10.50226075242101, "cluster_label": "cluster_0", "diff": 1.6335566155543388, "type": "numerical", "mean": 76.6057915057915}, {"std": 38.559251208506865, "global_mean": 179.77509750975116, "feature_label": "Day_Mins", "global_std": 54.46738920237142, "cluster_label": "cluster_0", "diff": 1.4557291714591973, "type": "numerical", "mean": 259.06486486486494}], "cluster": "cluster_0", "size": 259}, {"facts": [{"std": 0.0, "global_mean": 0.27662766276627665, "feature_label": "VMail Plan", "global_std": 0.4473978703800777, "cluster_label": "cluster_1", "diff": 1.616843496861523, "type": "numerical", "mean": 1.0}, {"std": 7.661856056118748, "global_mean": 8.099009900990099, "feature_label": "VMail Message", "global_std": 13.68836537203884, "cluster_label": "cluster_1", "diff": 1.5246287114425499, "type": "numerical", "mean": 28.968684759916492}, {"std": 6.702840060667436, "global_mean": 59.44975397539747, "feature_label": "Total_Charge", "global_std": 10.50226075242101, "cluster_label": "cluster_1", "diff": -0.7378532920932704, "type": "numerical", "mean": 51.70062630480168}], "cluster": "cluster_1", "size": 479}, {"facts": [{"std": 5.028985734306201, "global_mean": 30.562307230723093, "feature_label": "Day_Charge", "global_std": 9.259434553930507, "cluster_label": "cluster_2", "diff": 0.6660201378163917, "type": "numerical", "mean": 36.72927710843375}, {"std": 29.58265102018101, "global_mean": 179.77509750975116, "feature_label": "Day_Mins", "global_std": 54.46738920237142, "cluster_label": "cluster_2", "diff": 0.6660151668871687, "type": "numerical", "mean": 216.05120481927693}, {"std": 40.15549582158526, "global_mean": 200.87203720372048, "feature_label": "Night_Mins", "global_std": 50.5738470136583, "cluster_label": "cluster_2", "diff": -0.6133203774330926, "type": "numerical", "mean": 169.85406626506008}], "cluster": "cluster_2", "size": 664}, {"facts": [{"std": 40.06084184228218, "global_mean": 200.87203720372048, "feature_label": "Night_Mins", "global_std": 50.5738470136583, "cluster_label": "cluster_3", "diff": 0.6674631773403583, "type": "numerical", "mean": 234.62821782178204}, {"std": 1.8027553065386253, "global_mean": 9.039324932493264, "feature_label": "Night_Charge", "global_std": 2.2758728376600317, "cluster_label": "cluster_3", "diff": 0.6674218003657879, "type": "numerical", "mean": 10.558292079207916}, {"std": 0.0351798772365147, "global_mean": 0.27662766276627665, "feature_label": "VMail Plan", "global_std": 0.4473978703800777, "cluster_label": "cluster_3", "diff": -0.6155372147166199, "type": "numerical", "mean": 0.0012376237623762376}], "cluster": "cluster_3", "size": 808}, {"facts": [{"std": 0.0, "global_mean": 0.27662766276627665, "feature_label": "VMail Plan", "global_std": 0.4473978703800777, "cluster_label": "cluster_4", "diff": 1.616843496861523, "type": "numerical", "mean": 1.0}, {"std": 7.36770996621159, "global_mean": 8.099009900990099, "feature_label": "VMail Message", "global_std": 13.68836537203884, "cluster_label": "cluster_4", "diff": 1.5896088054331161, "type": "numerical", "mean": 29.858156028368793}, {"std": 54.959135482650616, "global_mean": 591.8647764776483, "feature_label": "Total_min", "global_std": 89.95425115217, "cluster_label": "cluster_4", "diff": 0.8536359051580195, "type": "numerical", "mean": 668.6529550827428}], "cluster": "cluster_4", "size": 423}, {"facts": [{"std": 5.9118827032404075, "global_mean": 59.44975397539747, "feature_label": "Total_Charge", "global_std": 10.50226075242101, "cluster_label": "cluster_5", "diff": -1.1495045797408308, "type": "numerical", "mean": 47.377357142857136}, {"std": 54.42082290957874, "global_mean": 591.8647764776483, "feature_label": "Total_min", "global_std": 89.95425115217, "cluster_label": "cluster_5", "diff": -1.0801164030321722, "type": "numerical", "mean": 494.70371428571383}, {"std": 6.197151548802305, "global_mean": 30.562307230723093, "feature_label": "Day_Charge", "global_std": 9.259434553930507, "cluster_label": "cluster_5", "diff": -0.9656629562993411, "type": "numerical", "mean": 21.62081428571429}], "cluster": "cluster_5", "size": 700}], "global": {"facts": [{"std": 0.0, "global_mean": 0.14491449144914492, "feature_label": "Churn?", "global_std": 0.35206742362412946, "cluster_label": "cluster_0", "diff": 2.4287549803635127, "type": "numerical", "mean": 1.0}, {"std": 6.244109258892082, "global_mean": 59.44975397539747, "feature_label": "Total_Charge", "global_std": 10.50226075242101, "cluster_label": "cluster_0", "diff": 1.6335566155543388, "type": "numerical", "mean": 76.6057915057915}, {"std": 0.0, "global_mean": 0.27662766276627665, "feature_label": "VMail Plan", "global_std": 0.4473978703800777, "cluster_label": "cluster_1", "diff": 1.616843496861523, "type": "numerical", "mean": 1.0}, {"std": 0.0, "global_mean": 0.27662766276627665, "feature_label": "VMail Plan", "global_std": 0.4473978703800777, "cluster_label": "cluster_4", "diff": 1.616843496861523, "type": "numerical", "mean": 1.0}, {"std": 7.36770996621159, "global_mean": 8.099009900990099, "feature_label": "VMail Message", "global_std": 13.68836537203884, "cluster_label": "cluster_4", "diff": 1.5896088054331161, "type": "numerical", "mean": 29.858156028368793}, {"std": 7.661856056118748, "global_mean": 8.099009900990099, "feature_label": "VMail Message", "global_std": 13.68836537203884, "cluster_label": "cluster_1", "diff": 1.5246287114425499, "type": "numerical", "mean": 28.968684759916492}, {"std": 38.559251208506865, "global_mean": 179.77509750975116, "feature_label": "Day_Mins", "global_std": 54.46738920237142, "cluster_label": "cluster_0", "diff": 1.4557291714591973, "type": "numerical", "mean": 259.06486486486494}, {"std": 6.555384331258383, "global_mean": 30.562307230723093, "feature_label": "Day_Charge", "global_std": 9.259434553930507, "cluster_label": "cluster_0", "diff": 1.455721715212337, "type": "numerical", "mean": 44.04146718146719}, {"std": 58.710010113098875, "global_mean": 591.8647764776483, "feature_label": "Total_min", "global_std": 89.95425115217, "cluster_label": "cluster_0", "diff": 1.428165815525389, "type": "numerical", "mean": 720.3343629343628}, {"std": 5.9118827032404075, "global_mean": 59.44975397539747, "feature_label": "Total_Charge", "global_std": 10.50226075242101, "cluster_label": "cluster_5", "diff": -1.1495045797408308, "type": "numerical", "mean": 47.377357142857136}], "size": 3333}}