{
    "metrics": {
        "nbClusters": 6, 
        "silhouette": 0.08076169491447677, 
        "inertia": 53691.54955608673
    }, 
    "reduce_vars": [], 
    "train_nb_features": 74, 
    "train_nb_records": 3333, 
    "summary": {
        "clusters": []
    }, 
    "variables_importance": {
        "variables": [
            "Account Length", 
            "Area Code", 
            "Churn?", 
            "CustServ Calls", 
            "Day Calls", 
            "Day_Charge", 
            "Day_Mins", 
            "Eve Calls", 
            "Eve_Charge", 
            "Eve_Mins", 
            "Int'l Plan", 
            "Intl Calls", 
            "Intl_Charge", 
            "Intl_Mins", 
            "Night Calls", 
            "Night_Charge", 
            "Night_Mins", 
            "Total_Charge", 
            "Total_min", 
            "VMail Message", 
            "VMail Plan", 
            "dummy:State:WV", 
            "dummy:State:MN", 
            "dummy:State:NY", 
            "dummy:State:AL", 
            "dummy:State:WI", 
            "dummy:State:OH", 
            "dummy:State:OR", 
            "dummy:State:WY", 
            "dummy:State:VA", 
            "dummy:State:CT", 
            "dummy:State:MI", 
            "dummy:State:ID", 
            "dummy:State:VT", 
            "dummy:State:TX", 
            "dummy:State:UT", 
            "dummy:State:IN", 
            "dummy:State:KS", 
            "dummy:State:MD", 
            "dummy:State:MT", 
            "dummy:State:NJ", 
            "dummy:State:NC", 
            "dummy:State:NV", 
            "dummy:State:WA", 
            "dummy:State:CO", 
            "dummy:State:MS", 
            "dummy:State:RI", 
            "dummy:State:MA", 
            "dummy:State:AZ", 
            "dummy:State:MO", 
            "dummy:State:FL", 
            "dummy:State:NM", 
            "dummy:State:ME", 
            "dummy:State:ND", 
            "dummy:State:DE", 
            "dummy:State:OK", 
            "dummy:State:NE", 
            "dummy:State:SC", 
            "dummy:State:SD", 
            "dummy:State:KY", 
            "dummy:State:IL", 
            "dummy:State:NH", 
            "dummy:State:AR", 
            "dummy:State:DC", 
            "dummy:State:GA", 
            "dummy:State:TN", 
            "dummy:State:HI", 
            "dummy:State:AK", 
            "dummy:State:LA", 
            "dummy:State:PA", 
            "dummy:State:IA", 
            "dummy:State:CA"
        ], 
        "importances": [
            0.011633870787663014, 
            0.0031724743016547136, 
            0.046830066184965505, 
            0.006433790122434676, 
            0.010121145643328803, 
            0.07601878255794736, 
            0.07996339041743884, 
            0.010552200365374012, 
            0.03709213677208054, 
            0.03213685511494959, 
            0.0034587594119180583, 
            0.007222759643388386, 
            0.012138319515090814, 
            0.012928385188882244, 
            0.00905127864465227, 
            0.044980988130422214, 
            0.044607294953427364, 
            0.12493458174551093, 
            0.140229382732814, 
            0.14825607212277722, 
            0.10950223250551103, 
            0.00047031548485681015, 
            0.0007466486549562184, 
            0.0006039874221041537, 
            0.0006181366063313697, 
            0.0007984918198856478, 
            0.0007029572131195915, 
            0.000566643344040284, 
            0.0010198227979597188, 
            0.0007247557367797016, 
            0.0006284784919208356, 
            0.0007271050183597573, 
            0.0005285650574214009, 
            0.0006600056000541325, 
            0.0007730043018845572, 
            0.0006256122341554139, 
            0.0004094167723137801, 
            0.0008127234129450006, 
            0.0005516493736040962, 
            0.0008122205064379357, 
            0.0005740409065806442, 
            0.0007969807458159507, 
            0.0005337600401893396, 
            0.0003073846555121042, 
            0.0005446244028017118, 
            0.0005597884478796094, 
            0.0007679999458596324, 
            0.000391033328389115, 
            0.0005045152186034835, 
            0.0005196181554049372, 
            0.00046743896842237396, 
            0.0005896892822273594, 
            0.0006265736593222403, 
            0.0005883474219068622, 
            0.0003364291735236696, 
            0.0006055179759027326, 
            0.0006010873012629529, 
            0.0005836501767831435, 
            0.000512832573623873, 
            0.00032550664205657645, 
            0.0003852100312119504, 
            0.00047609930986373695, 
            0.0004813410098121755, 
            0.0005165294180682644, 
            0.0004612755050079678, 
            0.00040540323726282054, 
            0.0005202517680774711, 
            0.00047761124180056326, 
            0.0004666097951601117, 
            0.0003191340153575596, 
            0.0002899554233947661, 
            0.00041845351155208856
        ]
    }, 
    "processed_feature_names": [
        "Account Length", 
        "Area Code", 
        "Churn?", 
        "CustServ Calls", 
        "Day Calls", 
        "Day_Charge", 
        "Day_Mins", 
        "Eve Calls", 
        "Eve_Charge", 
        "Eve_Mins", 
        "Int'l Plan", 
        "Intl Calls", 
        "Intl_Charge", 
        "Intl_Mins", 
        "Night Calls", 
        "Night_Charge", 
        "Night_Mins", 
        "Total_Charge", 
        "Total_min", 
        "VMail Message", 
        "VMail Plan", 
        "dummy:State:WV", 
        "dummy:State:MN", 
        "dummy:State:NY", 
        "dummy:State:AL", 
        "dummy:State:WI", 
        "dummy:State:OH", 
        "dummy:State:OR", 
        "dummy:State:WY", 
        "dummy:State:VA", 
        "dummy:State:CT", 
        "dummy:State:MI", 
        "dummy:State:ID", 
        "dummy:State:VT", 
        "dummy:State:TX", 
        "dummy:State:UT", 
        "dummy:State:IN", 
        "dummy:State:KS", 
        "dummy:State:MD", 
        "dummy:State:MT", 
        "dummy:State:NJ", 
        "dummy:State:NC", 
        "dummy:State:NV", 
        "dummy:State:WA", 
        "dummy:State:CO", 
        "dummy:State:MS", 
        "dummy:State:RI", 
        "dummy:State:MA", 
        "dummy:State:AZ", 
        "dummy:State:MO", 
        "dummy:State:FL", 
        "dummy:State:NM", 
        "dummy:State:ME", 
        "dummy:State:ND", 
        "dummy:State:DE", 
        "dummy:State:OK", 
        "dummy:State:NE", 
        "dummy:State:SC", 
        "dummy:State:SD", 
        "dummy:State:KY", 
        "dummy:State:IL", 
        "dummy:State:NH", 
        "dummy:State:AR", 
        "dummy:State:DC", 
        "dummy:State:GA", 
        "dummy:State:TN", 
        "dummy:State:HI", 
        "dummy:State:AK", 
        "dummy:State:LA", 
        "dummy:State:PA", 
        "dummy:State:IA", 
        "dummy:State:CA", 
        "dummy:State:N/A", 
        "dummy:State:__Others__"
    ], 
    "train_nb_outliers": 0, 
    "cluster_description": [
        {
            "variable": "dummy:State:WV", 
            "var": 0.0, 
            "values": [
                {
                    "cluster": "cluster_0", 
                    "value": 0.015444015444015444
                }, 
                {
                    "cluster": "cluster_1", 
                    "value": 0.027139874739039668
                }, 
                {
                    "cluster": "cluster_2", 
                    "value": 0.03614457831325301
                }, 
                {
                    "cluster": "cluster_3", 
                    "value": 0.02599009900990099
                }, 
                {
                    "cluster": "cluster_4", 
                    "value": 0.037825059101654845
                }, 
                {
                    "cluster": "cluster_5", 
                    "value": 0.04
                }
            ]
        }, 
        {
            "variable": "dummy:State:MN", 
            "var": 0.0, 
            "values": [
                {
                    "cluster": "cluster_0", 
                    "value": 0.03088803088803089
                }, 
                {
                    "cluster": "cluster_1", 
                    "value": 0.014613778705636743
                }, 
                {
                    "cluster": "cluster_2", 
                    "value": 0.012048192771084338
                }, 
                {
                    "cluster": "cluster_3", 
                    "value": 0.03341584158415842
                }, 
                {
                    "cluster": "cluster_4", 
                    "value": 0.03546099290780142
                }, 
                {
                    "cluster": "cluster_5", 
                    "value": 0.027142857142857142
                }
            ]
        }, 
        {
            "variable": "dummy:State:NY", 
            "var": 0.0, 
            "values": [
                {
                    "cluster": "cluster_0", 
                    "value": 0.023166023166023165
                }, 
                {
                    "cluster": "cluster_1", 
                    "value": 0.018789144050104383
                }, 
                {
                    "cluster": "cluster_2", 
                    "value": 0.022590361445783132
                }, 
                {
                    "cluster": "cluster_3", 
                    "value": 0.024752475247524754
                }, 
                {
                    "cluster": "cluster_4", 
                    "value": 0.02127659574468085
                }, 
                {
                    "cluster": "cluster_5", 
                    "value": 0.03428571428571429
                }
            ]
        }, 
        {
            "variable": "dummy:State:AL", 
            "var": 0.0, 
            "values": [
                {
                    "cluster": "cluster_0", 
                    "value": 0.019305019305019305
                }, 
                {
                    "cluster": "cluster_1", 
                    "value": 0.014613778705636743
                }, 
                {
                    "cluster": "cluster_2", 
                    "value": 0.0391566265060241
                }, 
                {
                    "cluster": "cluster_3", 
                    "value": 0.01608910891089109
                }, 
                {
                    "cluster": "cluster_4", 
                    "value": 0.028368794326241134
                }, 
                {
                    "cluster": "cluster_5", 
                    "value": 0.024285714285714285
                }
            ]
        }, 
        {
            "variable": "dummy:State:WI", 
            "var": 0.0, 
            "values": [
                {
                    "cluster": "cluster_0", 
                    "value": 0.015444015444015444
                }, 
                {
                    "cluster": "cluster_1", 
                    "value": 0.022964509394572025
                }, 
                {
                    "cluster": "cluster_2", 
                    "value": 0.02108433734939759
                }, 
                {
                    "cluster": "cluster_3", 
                    "value": 0.02599009900990099
                }, 
                {
                    "cluster": "cluster_4", 
                    "value": 0.028368794326241134
                }, 
                {
                    "cluster": "cluster_5", 
                    "value": 0.022857142857142857
                }
            ]
        }, 
        {
            "variable": "dummy:State:OH", 
            "var": 0.0, 
            "values": [
                {
                    "cluster": "cluster_0", 
                    "value": 0.023166023166023165
                }, 
                {
                    "cluster": "cluster_1", 
                    "value": 0.020876826722338204
                }, 
                {
                    "cluster": "cluster_2", 
                    "value": 0.024096385542168676
                }, 
                {
                    "cluster": "cluster_3", 
                    "value": 0.022277227722772276
                }, 
                {
                    "cluster": "cluster_4", 
                    "value": 0.04018912529550828
                }, 
                {
                    "cluster": "cluster_5", 
                    "value": 0.015714285714285715
                }
            ]
        }, 
        {
            "variable": "dummy:State:OR", 
            "var": 0.0, 
            "values": [
                {
                    "cluster": "cluster_0", 
                    "value": 0.03474903474903475
                }, 
                {
                    "cluster": "cluster_1", 
                    "value": 0.020876826722338204
                }, 
                {
                    "cluster": "cluster_2", 
                    "value": 0.024096385542168676
                }, 
                {
                    "cluster": "cluster_3", 
                    "value": 0.02103960396039604
                }, 
                {
                    "cluster": "cluster_4", 
                    "value": 0.014184397163120567
                }, 
                {
                    "cluster": "cluster_5", 
                    "value": 0.02857142857142857
                }
            ]
        }, 
        {
            "variable": "dummy:State:WY", 
            "var": 0.0, 
            "values": [
                {
                    "cluster": "cluster_0", 
                    "value": 0.02702702702702703
                }, 
                {
                    "cluster": "cluster_1", 
                    "value": 0.018789144050104383
                }, 
                {
                    "cluster": "cluster_2", 
                    "value": 0.02710843373493976
                }, 
                {
                    "cluster": "cluster_3", 
                    "value": 0.027227722772277228
                }, 
                {
                    "cluster": "cluster_4", 
                    "value": 0.014184397163120567
                }, 
                {
                    "cluster": "cluster_5", 
                    "value": 0.02142857142857143
                }
            ]
        }, 
        {
            "variable": "dummy:State:VA", 
            "var": 0.0, 
            "values": [
                {
                    "cluster": "cluster_0", 
                    "value": 0.007722007722007722
                }, 
                {
                    "cluster": "cluster_1", 
                    "value": 0.014613778705636743
                }, 
                {
                    "cluster": "cluster_2", 
                    "value": 0.022590361445783132
                }, 
                {
                    "cluster": "cluster_3", 
                    "value": 0.03341584158415842
                }, 
                {
                    "cluster": "cluster_4", 
                    "value": 0.026004728132387706
                }, 
                {
                    "cluster": "cluster_5", 
                    "value": 0.02142857142857143
                }
            ]
        }, 
        {
            "variable": "dummy:State:CT", 
            "var": 0.0, 
            "values": [
                {
                    "cluster": "cluster_0", 
                    "value": 0.02702702702702703
                }, 
                {
                    "cluster": "cluster_1", 
                    "value": 0.018789144050104383
                }, 
                {
                    "cluster": "cluster_2", 
                    "value": 0.018072289156626505
                }, 
                {
                    "cluster": "cluster_3", 
                    "value": 0.019801980198019802
                }, 
                {
                    "cluster": "cluster_4", 
                    "value": 0.028368794326241134
                }, 
                {
                    "cluster": "cluster_5", 
                    "value": 0.025714285714285714
                }
            ]
        }, 
        {
            "variable": "dummy:State:MI", 
            "var": 0.0, 
            "values": [
                {
                    "cluster": "cluster_0", 
                    "value": 0.02702702702702703
                }, 
                {
                    "cluster": "cluster_1", 
                    "value": 0.016701461377870562
                }, 
                {
                    "cluster": "cluster_2", 
                    "value": 0.016566265060240965
                }, 
                {
                    "cluster": "cluster_3", 
                    "value": 0.02103960396039604
                }, 
                {
                    "cluster": "cluster_4", 
                    "value": 0.030732860520094562
                }, 
                {
                    "cluster": "cluster_5", 
                    "value": 0.024285714285714285
                }
            ]
        }, 
        {
            "variable": "dummy:State:ID", 
            "var": 0.0, 
            "values": [
                {
                    "cluster": "cluster_0", 
                    "value": 0.011583011583011582
                }, 
                {
                    "cluster": "cluster_1", 
                    "value": 0.020876826722338204
                }, 
                {
                    "cluster": "cluster_2", 
                    "value": 0.018072289156626505
                }, 
                {
                    "cluster": "cluster_3", 
                    "value": 0.017326732673267328
                }, 
                {
                    "cluster": "cluster_4", 
                    "value": 0.0425531914893617
                }, 
                {
                    "cluster": "cluster_5", 
                    "value": 0.022857142857142857
                }
            ]
        }, 
        {
            "variable": "dummy:State:VT", 
            "var": 0.0, 
            "values": [
                {
                    "cluster": "cluster_0", 
                    "value": 0.023166023166023165
                }, 
                {
                    "cluster": "cluster_1", 
                    "value": 0.016701461377870562
                }, 
                {
                    "cluster": "cluster_2", 
                    "value": 0.025602409638554216
                }, 
                {
                    "cluster": "cluster_3", 
                    "value": 0.0297029702970297
                }, 
                {
                    "cluster": "cluster_4", 
                    "value": 0.018912529550827423
                }, 
                {
                    "cluster": "cluster_5", 
                    "value": 0.014285714285714285
                }
            ]
        }, 
        {
            "variable": "dummy:State:TX", 
            "var": 0.0, 
            "values": [
                {
                    "cluster": "cluster_0", 
                    "value": 0.04247104247104247
                }, 
                {
                    "cluster": "cluster_1", 
                    "value": 0.018789144050104383
                }, 
                {
                    "cluster": "cluster_2", 
                    "value": 0.02108433734939759
                }, 
                {
                    "cluster": "cluster_3", 
                    "value": 0.012376237623762377
                }, 
                {
                    "cluster": "cluster_4", 
                    "value": 0.016548463356973995
                }, 
                {
                    "cluster": "cluster_5", 
                    "value": 0.03
                }
            ]
        }, 
        {
            "variable": "dummy:State:UT", 
            "var": 0.0, 
            "values": [
                {
                    "cluster": "cluster_0", 
                    "value": 0.023166023166023165
                }, 
                {
                    "cluster": "cluster_1", 
                    "value": 0.022964509394572025
                }, 
                {
                    "cluster": "cluster_2", 
                    "value": 0.030120481927710843
                }, 
                {
                    "cluster": "cluster_3", 
                    "value": 0.01485148514851485
                }, 
                {
                    "cluster": "cluster_4", 
                    "value": 0.02127659574468085
                }, 
                {
                    "cluster": "cluster_5", 
                    "value": 0.02
                }
            ]
        }, 
        {
            "variable": "dummy:State:IN", 
            "var": 0.0, 
            "values": [
                {
                    "cluster": "cluster_0", 
                    "value": 0.019305019305019305
                }, 
                {
                    "cluster": "cluster_1", 
                    "value": 0.014613778705636743
                }, 
                {
                    "cluster": "cluster_2", 
                    "value": 0.025602409638554216
                }, 
                {
                    "cluster": "cluster_3", 
                    "value": 0.027227722772277228
                }, 
                {
                    "cluster": "cluster_4", 
                    "value": 0.026004728132387706
                }, 
                {
                    "cluster": "cluster_5", 
                    "value": 0.012857142857142857
                }
            ]
        }, 
        {
            "variable": "dummy:State:KS", 
            "var": 0.0, 
            "values": [
                {
                    "cluster": "cluster_0", 
                    "value": 0.03474903474903475
                }, 
                {
                    "cluster": "cluster_1", 
                    "value": 0.014613778705636743
                }, 
                {
                    "cluster": "cluster_2", 
                    "value": 0.01355421686746988
                }, 
                {
                    "cluster": "cluster_3", 
                    "value": 0.024752475247524754
                }, 
                {
                    "cluster": "cluster_4", 
                    "value": 0.026004728132387706
                }, 
                {
                    "cluster": "cluster_5", 
                    "value": 0.02
                }
            ]
        }, 
        {
            "variable": "dummy:State:MD", 
            "var": 0.0, 
            "values": [
                {
                    "cluster": "cluster_0", 
                    "value": 0.04247104247104247
                }, 
                {
                    "cluster": "cluster_1", 
                    "value": 0.022964509394572025
                }, 
                {
                    "cluster": "cluster_2", 
                    "value": 0.0286144578313253
                }, 
                {
                    "cluster": "cluster_3", 
                    "value": 0.01485148514851485
                }, 
                {
                    "cluster": "cluster_4", 
                    "value": 0.014184397163120567
                }, 
                {
                    "cluster": "cluster_5", 
                    "value": 0.015714285714285715
                }
            ]
        }, 
        {
            "variable": "dummy:State:MT", 
            "var": 0.0, 
            "values": [
                {
                    "cluster": "cluster_0", 
                    "value": 0.019305019305019305
                }, 
                {
                    "cluster": "cluster_1", 
                    "value": 0.031315240083507306
                }, 
                {
                    "cluster": "cluster_2", 
                    "value": 0.01957831325301205
                }, 
                {
                    "cluster": "cluster_3", 
                    "value": 0.01608910891089109
                }, 
                {
                    "cluster": "cluster_4", 
                    "value": 0.02127659574468085
                }, 
                {
                    "cluster": "cluster_5", 
                    "value": 0.018571428571428572
                }
            ]
        }, 
        {
            "variable": "dummy:State:NJ", 
            "var": 0.0, 
            "values": [
                {
                    "cluster": "cluster_0", 
                    "value": 0.03861003861003861
                }, 
                {
                    "cluster": "cluster_1", 
                    "value": 0.020876826722338204
                }, 
                {
                    "cluster": "cluster_2", 
                    "value": 0.02108433734939759
                }, 
                {
                    "cluster": "cluster_3", 
                    "value": 0.019801980198019802
                }, 
                {
                    "cluster": "cluster_4", 
                    "value": 0.02364066193853428
                }, 
                {
                    "cluster": "cluster_5", 
                    "value": 0.011428571428571429
                }
            ]
        }, 
        {
            "variable": "dummy:State:NC", 
            "var": 0.0, 
            "values": [
                {
                    "cluster": "cluster_0", 
                    "value": 0.02702702702702703
                }, 
                {
                    "cluster": "cluster_1", 
                    "value": 0.018789144050104383
                }, 
                {
                    "cluster": "cluster_2", 
                    "value": 0.0286144578313253
                }, 
                {
                    "cluster": "cluster_3", 
                    "value": 0.017326732673267328
                }, 
                {
                    "cluster": "cluster_4", 
                    "value": 0.02364066193853428
                }, 
                {
                    "cluster": "cluster_5", 
                    "value": 0.012857142857142857
                }
            ]
        }, 
        {
            "variable": "dummy:State:NV", 
            "var": 0.0, 
            "values": [
                {
                    "cluster": "cluster_0", 
                    "value": 0.03088803088803089
                }, 
                {
                    "cluster": "cluster_1", 
                    "value": 0.014613778705636743
                }, 
                {
                    "cluster": "cluster_2", 
                    "value": 0.012048192771084338
                }, 
                {
                    "cluster": "cluster_3", 
                    "value": 0.027227722772277228
                }, 
                {
                    "cluster": "cluster_4", 
                    "value": 0.01182033096926714
                }, 
                {
                    "cluster": "cluster_5", 
                    "value": 0.022857142857142857
                }
            ]
        }, 
        {
            "variable": "dummy:State:WA", 
            "var": 0.0, 
            "values": [
                {
                    "cluster": "cluster_0", 
                    "value": 0.03474903474903475
                }, 
                {
                    "cluster": "cluster_1", 
                    "value": 0.016701461377870562
                }, 
                {
                    "cluster": "cluster_2", 
                    "value": 0.018072289156626505
                }, 
                {
                    "cluster": "cluster_3", 
                    "value": 0.022277227722772276
                }, 
                {
                    "cluster": "cluster_4", 
                    "value": 0.004728132387706856
                }, 
                {
                    "cluster": "cluster_5", 
                    "value": 0.024285714285714285
                }
            ]
        }, 
        {
            "variable": "dummy:State:CO", 
            "var": 0.0, 
            "values": [
                {
                    "cluster": "cluster_0", 
                    "value": 0.019305019305019305
                }, 
                {
                    "cluster": "cluster_1", 
                    "value": 0.022964509394572025
                }, 
                {
                    "cluster": "cluster_2", 
                    "value": 0.01355421686746988
                }, 
                {
                    "cluster": "cluster_3", 
                    "value": 0.022277227722772276
                }, 
                {
                    "cluster": "cluster_4", 
                    "value": 0.016548463356973995
                }, 
                {
                    "cluster": "cluster_5", 
                    "value": 0.022857142857142857
                }
            ]
        }, 
        {
            "variable": "dummy:State:MS", 
            "var": 0.0, 
            "values": [
                {
                    "cluster": "cluster_0", 
                    "value": 0.023166023166023165
                }, 
                {
                    "cluster": "cluster_1", 
                    "value": 0.025052192066805846
                }, 
                {
                    "cluster": "cluster_2", 
                    "value": 0.018072289156626505
                }, 
                {
                    "cluster": "cluster_3", 
                    "value": 0.011138613861386138
                }, 
                {
                    "cluster": "cluster_4", 
                    "value": 0.02127659574468085
                }, 
                {
                    "cluster": "cluster_5", 
                    "value": 0.024285714285714285
                }
            ]
        }, 
        {
            "variable": "dummy:State:RI", 
            "var": 0.0, 
            "values": [
                {
                    "cluster": "cluster_0", 
                    "value": 0.011583011583011582
                }, 
                {
                    "cluster": "cluster_1", 
                    "value": 0.016701461377870562
                }, 
                {
                    "cluster": "cluster_2", 
                    "value": 0.016566265060240965
                }, 
                {
                    "cluster": "cluster_3", 
                    "value": 0.023514851485148515
                }, 
                {
                    "cluster": "cluster_4", 
                    "value": 0.02364066193853428
                }, 
                {
                    "cluster": "cluster_5", 
                    "value": 0.02
                }
            ]
        }, 
        {
            "variable": "dummy:State:MA", 
            "var": 0.0, 
            "values": [
                {
                    "cluster": "cluster_0", 
                    "value": 0.023166023166023165
                }, 
                {
                    "cluster": "cluster_1", 
                    "value": 0.020876826722338204
                }, 
                {
                    "cluster": "cluster_2", 
                    "value": 0.016566265060240965
                }, 
                {
                    "cluster": "cluster_3", 
                    "value": 0.02599009900990099
                }, 
                {
                    "cluster": "cluster_4", 
                    "value": 0.02127659574468085
                }, 
                {
                    "cluster": "cluster_5", 
                    "value": 0.011428571428571429
                }
            ]
        }, 
        {
            "variable": "dummy:State:AZ", 
            "var": 0.0, 
            "values": [
                {
                    "cluster": "cluster_0", 
                    "value": 0.007722007722007722
                }, 
                {
                    "cluster": "cluster_1", 
                    "value": 0.029227557411273485
                }, 
                {
                    "cluster": "cluster_2", 
                    "value": 0.025602409638554216
                }, 
                {
                    "cluster": "cluster_3", 
                    "value": 0.013613861386138614
                }, 
                {
                    "cluster": "cluster_4", 
                    "value": 0.01182033096926714
                }, 
                {
                    "cluster": "cluster_5", 
                    "value": 0.02142857142857143
                }
            ]
        }, 
        {
            "variable": "dummy:State:MO", 
            "var": 0.0, 
            "values": [
                {
                    "cluster": "cluster_0", 
                    "value": 0.019305019305019305
                }, 
                {
                    "cluster": "cluster_1", 
                    "value": 0.027139874739039668
                }, 
                {
                    "cluster": "cluster_2", 
                    "value": 0.01355421686746988
                }, 
                {
                    "cluster": "cluster_3", 
                    "value": 0.022277227722772276
                }, 
                {
                    "cluster": "cluster_4", 
                    "value": 0.009456264775413711
                }, 
                {
                    "cluster": "cluster_5", 
                    "value": 0.02
                }
            ]
        }, 
        {
            "variable": "dummy:State:FL", 
            "var": 0.0, 
            "values": [
                {
                    "cluster": "cluster_0", 
                    "value": 0.015444015444015444
                }, 
                {
                    "cluster": "cluster_1", 
                    "value": 0.020876826722338204
                }, 
                {
                    "cluster": "cluster_2", 
                    "value": 0.02108433734939759
                }, 
                {
                    "cluster": "cluster_3", 
                    "value": 0.01608910891089109
                }, 
                {
                    "cluster": "cluster_4", 
                    "value": 0.02364066193853428
                }, 
                {
                    "cluster": "cluster_5", 
                    "value": 0.017142857142857144
                }
            ]
        }, 
        {
            "variable": "dummy:State:NM", 
            "var": 0.0, 
            "values": [
                {
                    "cluster": "cluster_0", 
                    "value": 0.007722007722007722
                }, 
                {
                    "cluster": "cluster_1", 
                    "value": 0.022964509394572025
                }, 
                {
                    "cluster": "cluster_2", 
                    "value": 0.015060240963855422
                }, 
                {
                    "cluster": "cluster_3", 
                    "value": 0.03094059405940594
                }, 
                {
                    "cluster": "cluster_4", 
                    "value": 0.0070921985815602835
                }, 
                {
                    "cluster": "cluster_5", 
                    "value": 0.015714285714285715
                }
            ]
        }, 
        {
            "variable": "dummy:State:ME", 
            "var": 0.0, 
            "values": [
                {
                    "cluster": "cluster_0", 
                    "value": 0.023166023166023165
                }, 
                {
                    "cluster": "cluster_1", 
                    "value": 0.018789144050104383
                }, 
                {
                    "cluster": "cluster_2", 
                    "value": 0.02108433734939759
                }, 
                {
                    "cluster": "cluster_3", 
                    "value": 0.019801980198019802
                }, 
                {
                    "cluster": "cluster_4", 
                    "value": 0.014184397163120567
                }, 
                {
                    "cluster": "cluster_5", 
                    "value": 0.015714285714285715
                }
            ]
        }, 
        {
            "variable": "dummy:State:ND", 
            "var": 0.0, 
            "values": [
                {
                    "cluster": "cluster_0", 
                    "value": 0.015444015444015444
                }, 
                {
                    "cluster": "cluster_1", 
                    "value": 0.027139874739039668
                }, 
                {
                    "cluster": "cluster_2", 
                    "value": 0.02710843373493976
                }, 
                {
                    "cluster": "cluster_3", 
                    "value": 0.01608910891089109
                }, 
                {
                    "cluster": "cluster_4", 
                    "value": 0.018912529550827423
                }, 
                {
                    "cluster": "cluster_5", 
                    "value": 0.008571428571428572
                }
            ]
        }, 
        {
            "variable": "dummy:State:DE", 
            "var": 0.0, 
            "values": [
                {
                    "cluster": "cluster_0", 
                    "value": 0.015444015444015444
                }, 
                {
                    "cluster": "cluster_1", 
                    "value": 0.018789144050104383
                }, 
                {
                    "cluster": "cluster_2", 
                    "value": 0.018072289156626505
                }, 
                {
                    "cluster": "cluster_3", 
                    "value": 0.02103960396039604
                }, 
                {
                    "cluster": "cluster_4", 
                    "value": 0.014184397163120567
                }, 
                {
                    "cluster": "cluster_5", 
                    "value": 0.018571428571428572
                }
            ]
        }, 
        {
            "variable": "dummy:State:OK", 
            "var": 0.0, 
            "values": [
                {
                    "cluster": "cluster_0", 
                    "value": 0.015444015444015444
                }, 
                {
                    "cluster": "cluster_1", 
                    "value": 0.018789144050104383
                }, 
                {
                    "cluster": "cluster_2", 
                    "value": 0.015060240963855422
                }, 
                {
                    "cluster": "cluster_3", 
                    "value": 0.017326732673267328
                }, 
                {
                    "cluster": "cluster_4", 
                    "value": 0.016548463356973995
                }, 
                {
                    "cluster": "cluster_5", 
                    "value": 0.024285714285714285
                }
            ]
        }, 
        {
            "variable": "dummy:State:NE", 
            "var": 0.0, 
            "values": [
                {
                    "cluster": "cluster_0", 
                    "value": 0.015444015444015444
                }, 
                {
                    "cluster": "cluster_1", 
                    "value": 0.018789144050104383
                }, 
                {
                    "cluster": "cluster_2", 
                    "value": 0.018072289156626505
                }, 
                {
                    "cluster": "cluster_3", 
                    "value": 0.02103960396039604
                }, 
                {
                    "cluster": "cluster_4", 
                    "value": 0.018912529550827423
                }, 
                {
                    "cluster": "cluster_5", 
                    "value": 0.015714285714285715
                }
            ]
        }, 
        {
            "variable": "dummy:State:SC", 
            "var": 0.0, 
            "values": [
                {
                    "cluster": "cluster_0", 
                    "value": 0.03088803088803089
                }, 
                {
                    "cluster": "cluster_1", 
                    "value": 0.025052192066805846
                }, 
                {
                    "cluster": "cluster_2", 
                    "value": 0.009036144578313253
                }, 
                {
                    "cluster": "cluster_3", 
                    "value": 0.012376237623762377
                }, 
                {
                    "cluster": "cluster_4", 
                    "value": 0.01182033096926714
                }, 
                {
                    "cluster": "cluster_5", 
                    "value": 0.027142857142857142
                }
            ]
        }, 
        {
            "variable": "dummy:State:SD", 
            "var": 0.0, 
            "values": [
                {
                    "cluster": "cluster_0", 
                    "value": 0.015444015444015444
                }, 
                {
                    "cluster": "cluster_1", 
                    "value": 0.025052192066805846
                }, 
                {
                    "cluster": "cluster_2", 
                    "value": 0.024096385542168676
                }, 
                {
                    "cluster": "cluster_3", 
                    "value": 0.01485148514851485
                }, 
                {
                    "cluster": "cluster_4", 
                    "value": 0.02127659574468085
                }, 
                {
                    "cluster": "cluster_5", 
                    "value": 0.01
                }
            ]
        }, 
        {
            "variable": "dummy:State:KY", 
            "var": 0.0, 
            "values": [
                {
                    "cluster": "cluster_0", 
                    "value": 0.011583011583011582
                }, 
                {
                    "cluster": "cluster_1", 
                    "value": 0.022964509394572025
                }, 
                {
                    "cluster": "cluster_2", 
                    "value": 0.018072289156626505
                }, 
                {
                    "cluster": "cluster_3", 
                    "value": 0.018564356435643563
                }, 
                {
                    "cluster": "cluster_4", 
                    "value": 0.009456264775413711
                }, 
                {
                    "cluster": "cluster_5", 
                    "value": 0.02
                }
            ]
        }, 
        {
            "variable": "dummy:State:IL", 
            "var": 0.0, 
            "values": [
                {
                    "cluster": "cluster_0", 
                    "value": 0.011583011583011582
                }, 
                {
                    "cluster": "cluster_1", 
                    "value": 0.016701461377870562
                }, 
                {
                    "cluster": "cluster_2", 
                    "value": 0.025602409638554216
                }, 
                {
                    "cluster": "cluster_3", 
                    "value": 0.011138613861386138
                }, 
                {
                    "cluster": "cluster_4", 
                    "value": 0.016548463356973995
                }, 
                {
                    "cluster": "cluster_5", 
                    "value": 0.02
                }
            ]
        }, 
        {
            "variable": "dummy:State:NH", 
            "var": 0.0, 
            "values": [
                {
                    "cluster": "cluster_0", 
                    "value": 0.015444015444015444
                }, 
                {
                    "cluster": "cluster_1", 
                    "value": 0.020876826722338204
                }, 
                {
                    "cluster": "cluster_2", 
                    "value": 0.015060240963855422
                }, 
                {
                    "cluster": "cluster_3", 
                    "value": 0.019801980198019802
                }, 
                {
                    "cluster": "cluster_4", 
                    "value": 0.01182033096926714
                }, 
                {
                    "cluster": "cluster_5", 
                    "value": 0.015714285714285715
                }
            ]
        }, 
        {
            "variable": "dummy:State:AR", 
            "var": 0.0, 
            "values": [
                {
                    "cluster": "cluster_0", 
                    "value": 0.015444015444015444
                }, 
                {
                    "cluster": "cluster_1", 
                    "value": 0.012526096033402923
                }, 
                {
                    "cluster": "cluster_2", 
                    "value": 0.01355421686746988
                }, 
                {
                    "cluster": "cluster_3", 
                    "value": 0.018564356435643563
                }, 
                {
                    "cluster": "cluster_4", 
                    "value": 0.018912529550827423
                }, 
                {
                    "cluster": "cluster_5", 
                    "value": 0.018571428571428572
                }
            ]
        }, 
        {
            "variable": "dummy:State:DC", 
            "var": 0.0, 
            "values": [
                {
                    "cluster": "cluster_0", 
                    "value": 0.003861003861003861
                }, 
                {
                    "cluster": "cluster_1", 
                    "value": 0.014613778705636743
                }, 
                {
                    "cluster": "cluster_2", 
                    "value": 0.006024096385542169
                }, 
                {
                    "cluster": "cluster_3", 
                    "value": 0.019801980198019802
                }, 
                {
                    "cluster": "cluster_4", 
                    "value": 0.026004728132387706
                }, 
                {
                    "cluster": "cluster_5", 
                    "value": 0.02142857142857143
                }
            ]
        }, 
        {
            "variable": "dummy:State:GA", 
            "var": 0.0, 
            "values": [
                {
                    "cluster": "cluster_0", 
                    "value": 0.019305019305019305
                }, 
                {
                    "cluster": "cluster_1", 
                    "value": 0.012526096033402923
                }, 
                {
                    "cluster": "cluster_2", 
                    "value": 0.01957831325301205
                }, 
                {
                    "cluster": "cluster_3", 
                    "value": 0.009900990099009901
                }, 
                {
                    "cluster": "cluster_4", 
                    "value": 0.028368794326241134
                }, 
                {
                    "cluster": "cluster_5", 
                    "value": 0.014285714285714285
                }
            ]
        }, 
        {
            "variable": "dummy:State:TN", 
            "var": 0.0, 
            "values": [
                {
                    "cluster": "cluster_0", 
                    "value": 0.007722007722007722
                }, 
                {
                    "cluster": "cluster_1", 
                    "value": 0.010438413361169102
                }, 
                {
                    "cluster": "cluster_2", 
                    "value": 0.01355421686746988
                }, 
                {
                    "cluster": "cluster_3", 
                    "value": 0.022277227722772276
                }, 
                {
                    "cluster": "cluster_4", 
                    "value": 0.018912529550827423
                }, 
                {
                    "cluster": "cluster_5", 
                    "value": 0.015714285714285715
                }
            ]
        }, 
        {
            "variable": "dummy:State:HI", 
            "var": 0.0, 
            "values": [
                {
                    "cluster": "cluster_0", 
                    "value": 0.007722007722007722
                }, 
                {
                    "cluster": "cluster_1", 
                    "value": 0.025052192066805846
                }, 
                {
                    "cluster": "cluster_2", 
                    "value": 0.018072289156626505
                }, 
                {
                    "cluster": "cluster_3", 
                    "value": 0.01485148514851485
                }, 
                {
                    "cluster": "cluster_4", 
                    "value": 0.0070921985815602835
                }, 
                {
                    "cluster": "cluster_5", 
                    "value": 0.017142857142857144
                }
            ]
        }, 
        {
            "variable": "dummy:State:AK", 
            "var": 0.0, 
            "values": [
                {
                    "cluster": "cluster_0", 
                    "value": 0.003861003861003861
                }, 
                {
                    "cluster": "cluster_1", 
                    "value": 0.022964509394572025
                }, 
                {
                    "cluster": "cluster_2", 
                    "value": 0.01355421686746988
                }, 
                {
                    "cluster": "cluster_3", 
                    "value": 0.01485148514851485
                }, 
                {
                    "cluster": "cluster_4", 
                    "value": 0.01182033096926714
                }, 
                {
                    "cluster": "cluster_5", 
                    "value": 0.02
                }
            ]
        }, 
        {
            "variable": "dummy:State:LA", 
            "var": 0.0, 
            "values": [
                {
                    "cluster": "cluster_0", 
                    "value": 0.0
                }, 
                {
                    "cluster": "cluster_1", 
                    "value": 0.014613778705636743
                }, 
                {
                    "cluster": "cluster_2", 
                    "value": 0.02108433734939759
                }, 
                {
                    "cluster": "cluster_3", 
                    "value": 0.013613861386138614
                }, 
                {
                    "cluster": "cluster_4", 
                    "value": 0.014184397163120567
                }, 
                {
                    "cluster": "cluster_5", 
                    "value": 0.018571428571428572
                }
            ]
        }, 
        {
            "variable": "dummy:State:PA", 
            "var": 0.0, 
            "values": [
                {
                    "cluster": "cluster_0", 
                    "value": 0.019305019305019305
                }, 
                {
                    "cluster": "cluster_1", 
                    "value": 0.012526096033402923
                }, 
                {
                    "cluster": "cluster_2", 
                    "value": 0.015060240963855422
                }, 
                {
                    "cluster": "cluster_3", 
                    "value": 0.008663366336633664
                }, 
                {
                    "cluster": "cluster_4", 
                    "value": 0.014184397163120567
                }, 
                {
                    "cluster": "cluster_5", 
                    "value": 0.015714285714285715
                }
            ]
        }, 
        {
            "variable": "dummy:State:IA", 
            "var": 0.0, 
            "values": [
                {
                    "cluster": "cluster_0", 
                    "value": 0.007722007722007722
                }, 
                {
                    "cluster": "cluster_1", 
                    "value": 0.018789144050104383
                }, 
                {
                    "cluster": "cluster_2", 
                    "value": 0.012048192771084338
                }, 
                {
                    "cluster": "cluster_3", 
                    "value": 0.017326732673267328
                }, 
                {
                    "cluster": "cluster_4", 
                    "value": 0.0070921985815602835
                }, 
                {
                    "cluster": "cluster_5", 
                    "value": 0.011428571428571429
                }
            ]
        }, 
        {
            "variable": "dummy:State:CA", 
            "var": 0.0, 
            "values": [
                {
                    "cluster": "cluster_0", 
                    "value": 0.019305019305019305
                }, 
                {
                    "cluster": "cluster_1", 
                    "value": 0.014613778705636743
                }, 
                {
                    "cluster": "cluster_2", 
                    "value": 0.010542168674698794
                }, 
                {
                    "cluster": "cluster_3", 
                    "value": 0.007425742574257425
                }, 
                {
                    "cluster": "cluster_4", 
                    "value": 0.009456264775413711
                }, 
                {
                    "cluster": "cluster_5", 
                    "value": 0.007142857142857143
                }
            ]
        }, 
        {
            "variable": "dummy:State:N/A", 
            "var": 0.0, 
            "values": [
                {
                    "cluster": "cluster_0", 
                    "value": 0.0
                }, 
                {
                    "cluster": "cluster_1", 
                    "value": 0.0
                }, 
                {
                    "cluster": "cluster_2", 
                    "value": 0.0
                }, 
                {
                    "cluster": "cluster_3", 
                    "value": 0.0
                }, 
                {
                    "cluster": "cluster_4", 
                    "value": 0.0
                }, 
                {
                    "cluster": "cluster_5", 
                    "value": 0.0
                }
            ]
        }, 
        {
            "variable": "dummy:State:__Others__", 
            "var": 0.0, 
            "values": [
                {
                    "cluster": "cluster_0", 
                    "value": 0.0
                }, 
                {
                    "cluster": "cluster_1", 
                    "value": 0.0
                }, 
                {
                    "cluster": "cluster_2", 
                    "value": 0.0
                }, 
                {
                    "cluster": "cluster_3", 
                    "value": 0.0
                }, 
                {
                    "cluster": "cluster_4", 
                    "value": 0.0
                }, 
                {
                    "cluster": "cluster_5", 
                    "value": 0.0
                }
            ]
        }, 
        {
            "variable": "Int'l Plan", 
            "var": 0.01, 
            "values": [
                {
                    "cluster": "cluster_0", 
                    "value": 0.2625482625482625
                }, 
                {
                    "cluster": "cluster_1", 
                    "value": 0.09812108559498957
                }, 
                {
                    "cluster": "cluster_2", 
                    "value": 0.0963855421686747
                }, 
                {
                    "cluster": "cluster_3", 
                    "value": 0.04702970297029703
                }, 
                {
                    "cluster": "cluster_4", 
                    "value": 0.07801418439716312
                }, 
                {
                    "cluster": "cluster_5", 
                    "value": 0.10428571428571429
                }
            ]
        }, 
        {
            "variable": "CustServ Calls", 
            "var": 0.01, 
            "values": [
                {
                    "cluster": "cluster_0", 
                    "value": 1.4478764478764479
                }, 
                {
                    "cluster": "cluster_1", 
                    "value": 1.5845511482254697
                }, 
                {
                    "cluster": "cluster_2", 
                    "value": 1.5707831325301205
                }, 
                {
                    "cluster": "cluster_3", 
                    "value": 1.4876237623762376
                }, 
                {
                    "cluster": "cluster_4", 
                    "value": 1.446808510638298
                }, 
                {
                    "cluster": "cluster_5", 
                    "value": 1.74
                }
            ]
        }, 
        {
            "variable": "VMail Message", 
            "var": 224.89, 
            "values": [
                {
                    "cluster": "cluster_0", 
                    "value": 1.393822393822394
                }, 
                {
                    "cluster": "cluster_1", 
                    "value": 28.968684759916492
                }, 
                {
                    "cluster": "cluster_2", 
                    "value": 0.1852409638554217
                }, 
                {
                    "cluster": "cluster_3", 
                    "value": 0.0049504950495049506
                }, 
                {
                    "cluster": "cluster_4", 
                    "value": 29.858156028368793
                }, 
                {
                    "cluster": "cluster_5", 
                    "value": 0.0
                }
            ]
        }, 
        {
            "variable": "Night_Mins", 
            "var": 629.27, 
            "values": [
                {
                    "cluster": "cluster_0", 
                    "value": 215.8768339768339
                }, 
                {
                    "cluster": "cluster_1", 
                    "value": 185.99603340292254
                }, 
                {
                    "cluster": "cluster_2", 
                    "value": 169.85406626506008
                }, 
                {
                    "cluster": "cluster_3", 
                    "value": 234.62821782178204
                }, 
                {
                    "cluster": "cluster_4", 
                    "value": 219.40283687943247
                }, 
                {
                    "cluster": "cluster_5", 
                    "value": 184.76028571428571
                }
            ]
        }, 
        {
            "variable": "Intl_Mins", 
            "var": 0.15, 
            "values": [
                {
                    "cluster": "cluster_0", 
                    "value": 10.761389961389964
                }, 
                {
                    "cluster": "cluster_1", 
                    "value": 10.053653444676403
                }, 
                {
                    "cluster": "cluster_2", 
                    "value": 9.650903614457832
                }, 
                {
                    "cluster": "cluster_3", 
                    "value": 10.52413366336633
                }, 
                {
                    "cluster": "cluster_4", 
                    "value": 10.386288416075647
                }, 
                {
                    "cluster": "cluster_5", 
                    "value": 10.304142857142867
                }
            ]
        }, 
        {
            "variable": "Account Length", 
            "var": 4.69, 
            "values": [
                {
                    "cluster": "cluster_0", 
                    "value": 101.54826254826254
                }, 
                {
                    "cluster": "cluster_1", 
                    "value": 99.8517745302714
                }, 
                {
                    "cluster": "cluster_2", 
                    "value": 103.66867469879519
                }, 
                {
                    "cluster": "cluster_3", 
                    "value": 97.64603960396039
                }, 
                {
                    "cluster": "cluster_4", 
                    "value": 102.32624113475177
                }, 
                {
                    "cluster": "cluster_5", 
                    "value": 102.43
                }
            ]
        }, 
        {
            "variable": "Eve_Mins", 
            "var": 771.16, 
            "values": [
                {
                    "cluster": "cluster_0", 
                    "value": 234.63127413127404
                }, 
                {
                    "cluster": "cluster_1", 
                    "value": 181.11544885177463
                }, 
                {
                    "cluster": "cluster_2", 
                    "value": 184.80993975903596
                }, 
                {
                    "cluster": "cluster_3", 
                    "value": 226.26274752475248
                }, 
                {
                    "cluster": "cluster_4", 
                    "value": 227.15602836879435
                }, 
                {
                    "cluster": "cluster_5", 
                    "value": 172.46085714285712
                }
            ]
        }, 
        {
            "variable": "Eve Calls", 
            "var": 1.64, 
            "values": [
                {
                    "cluster": "cluster_0", 
                    "value": 100.1930501930502
                }, 
                {
                    "cluster": "cluster_1", 
                    "value": 99.2964509394572
                }, 
                {
                    "cluster": "cluster_2", 
                    "value": 102.2183734939759
                }, 
                {
                    "cluster": "cluster_3", 
                    "value": 98.40470297029702
                }, 
                {
                    "cluster": "cluster_4", 
                    "value": 100.43026004728132
                }, 
                {
                    "cluster": "cluster_5", 
                    "value": 100.43142857142857
                }
            ]
        }, 
        {
            "variable": "Total_min", 
            "var": 7583.8, 
            "values": [
                {
                    "cluster": "cluster_0", 
                    "value": 720.3343629343628
                }, 
                {
                    "cluster": "cluster_1", 
                    "value": 525.5196242171193
                }, 
                {
                    "cluster": "cluster_2", 
                    "value": 580.3661144578308
                }, 
                {
                    "cluster": "cluster_3", 
                    "value": 643.4392326732674
                }, 
                {
                    "cluster": "cluster_4", 
                    "value": 668.6529550827428
                }, 
                {
                    "cluster": "cluster_5", 
                    "value": 494.70371428571383
                }
            ]
        }, 
        {
            "variable": "Eve_Charge", 
            "var": 5.57, 
            "values": [
                {
                    "cluster": "cluster_0", 
                    "value": 19.94355212355212
                }, 
                {
                    "cluster": "cluster_1", 
                    "value": 15.395093945720241
                }, 
                {
                    "cluster": "cluster_2", 
                    "value": 15.709111445783128
                }, 
                {
                    "cluster": "cluster_3", 
                    "value": 19.232475247524764
                }, 
                {
                    "cluster": "cluster_4", 
                    "value": 19.30862884160759
                }, 
                {
                    "cluster": "cluster_5", 
                    "value": 14.659385714285706
                }
            ]
        }, 
        {
            "variable": "Day_Mins", 
            "var": 2383.72, 
            "values": [
                {
                    "cluster": "cluster_0", 
                    "value": 259.06486486486494
                }, 
                {
                    "cluster": "cluster_1", 
                    "value": 148.35448851774538
                }, 
                {
                    "cluster": "cluster_2", 
                    "value": 216.05120481927693
                }, 
                {
                    "cluster": "cluster_3", 
                    "value": 172.02413366336614
                }, 
                {
                    "cluster": "cluster_4", 
                    "value": 211.7078014184398
                }, 
                {
                    "cluster": "cluster_5", 
                    "value": 127.17842857142853
                }
            ]
        }, 
        {
            "variable": "Intl_Charge", 
            "var": 0.01, 
            "values": [
                {
                    "cluster": "cluster_0", 
                    "value": 2.906216216216217
                }, 
                {
                    "cluster": "cluster_1", 
                    "value": 2.714989561586641
                }, 
                {
                    "cluster": "cluster_2", 
                    "value": 2.606174698795184
                }, 
                {
                    "cluster": "cluster_3", 
                    "value": 2.841905940594064
                }, 
                {
                    "cluster": "cluster_4", 
                    "value": 2.8049408983451514
                }, 
                {
                    "cluster": "cluster_5", 
                    "value": 2.7827285714285717
                }
            ]
        }, 
        {
            "variable": "Day Calls", 
            "var": 1.41, 
            "values": [
                {
                    "cluster": "cluster_0", 
                    "value": 102.58301158301158
                }, 
                {
                    "cluster": "cluster_1", 
                    "value": 100.74530271398747
                }, 
                {
                    "cluster": "cluster_2", 
                    "value": 99.90512048192771
                }, 
                {
                    "cluster": "cluster_3", 
                    "value": 101.17821782178218
                }, 
                {
                    "cluster": "cluster_4", 
                    "value": 99.36170212765957
                }, 
                {
                    "cluster": "cluster_5", 
                    "value": 99.72428571428571
                }
            ]
        }, 
        {
            "variable": "Total_Charge", 
            "var": 113.42, 
            "values": [
                {
                    "cluster": "cluster_0", 
                    "value": 76.6057915057915
                }, 
                {
                    "cluster": "cluster_1", 
                    "value": 51.70062630480168
                }, 
                {
                    "cluster": "cluster_2", 
                    "value": 62.68807228915673
                }, 
                {
                    "cluster": "cluster_3", 
                    "value": 61.87740099009904
                }, 
                {
                    "cluster": "cluster_4", 
                    "value": 67.97768321513001
                }, 
                {
                    "cluster": "cluster_5", 
                    "value": 47.377357142857136
                }
            ]
        }, 
        {
            "variable": "Churn?", 
            "var": 0.15, 
            "values": [
                {
                    "cluster": "cluster_0", 
                    "value": 1.0
                }, 
                {
                    "cluster": "cluster_1", 
                    "value": 0.10438413361169102
                }, 
                {
                    "cluster": "cluster_2", 
                    "value": 0.018072289156626505
                }, 
                {
                    "cluster": "cluster_3", 
                    "value": 0.018564356435643563
                }, 
                {
                    "cluster": "cluster_4", 
                    "value": 0.04018912529550828
                }, 
                {
                    "cluster": "cluster_5", 
                    "value": 0.18571428571428572
                }
            ]
        }, 
        {
            "variable": "Night_Charge", 
            "var": 1.27, 
            "values": [
                {
                    "cluster": "cluster_0", 
                    "value": 9.714555984555979
                }, 
                {
                    "cluster": "cluster_1", 
                    "value": 8.369832985386221
                }, 
                {
                    "cluster": "cluster_2", 
                    "value": 7.643509036144574
                }, 
                {
                    "cluster": "cluster_3", 
                    "value": 10.558292079207916
                }, 
                {
                    "cluster": "cluster_4", 
                    "value": 9.873191489361695
                }, 
                {
                    "cluster": "cluster_5", 
                    "value": 8.314428571428559
                }
            ]
        }, 
        {
            "variable": "Night Calls", 
            "var": 0.27, 
            "values": [
                {
                    "cluster": "cluster_0", 
                    "value": 100.66409266409266
                }, 
                {
                    "cluster": "cluster_1", 
                    "value": 100.46972860125261
                }, 
                {
                    "cluster": "cluster_2", 
                    "value": 100.17319277108433
                }, 
                {
                    "cluster": "cluster_3", 
                    "value": 100.00371287128714
                }, 
                {
                    "cluster": "cluster_4", 
                    "value": 100.73049645390071
                }, 
                {
                    "cluster": "cluster_5", 
                    "value": 99.33571428571429
                }
            ]
        }, 
        {
            "variable": "Intl Calls", 
            "var": 0.01, 
            "values": [
                {
                    "cluster": "cluster_0", 
                    "value": 4.258687258687258
                }, 
                {
                    "cluster": "cluster_1", 
                    "value": 4.444676409185804
                }, 
                {
                    "cluster": "cluster_2", 
                    "value": 4.376506024096385
                }, 
                {
                    "cluster": "cluster_3", 
                    "value": 4.560643564356436
                }, 
                {
                    "cluster": "cluster_4", 
                    "value": 4.5650118203309695
                }, 
                {
                    "cluster": "cluster_5", 
                    "value": 4.537142857142857
                }
            ]
        }, 
        {
            "variable": "Day_Charge", 
            "var": 68.89, 
            "values": [
                {
                    "cluster": "cluster_0", 
                    "value": 44.04146718146719
                }, 
                {
                    "cluster": "cluster_1", 
                    "value": 25.22070981210853
                }, 
                {
                    "cluster": "cluster_2", 
                    "value": 36.72927710843375
                }, 
                {
                    "cluster": "cluster_3", 
                    "value": 29.24472772277226
                }, 
                {
                    "cluster": "cluster_4", 
                    "value": 35.99092198581558
                }, 
                {
                    "cluster": "cluster_5", 
                    "value": 21.62081428571429
                }
            ]
        }, 
        {
            "variable": "VMail Plan", 
            "var": 0.26, 
            "values": [
                {
                    "cluster": "cluster_0", 
                    "value": 0.05019305019305019
                }, 
                {
                    "cluster": "cluster_1", 
                    "value": 1.0
                }, 
                {
                    "cluster": "cluster_2", 
                    "value": 0.009036144578313253
                }, 
                {
                    "cluster": "cluster_3", 
                    "value": 0.0012376237623762376
                }, 
                {
                    "cluster": "cluster_4", 
                    "value": 1.0
                }, 
                {
                    "cluster": "cluster_5", 
                    "value": 0.0
                }
            ]
        }, 
        {
            "variable": "Area Code", 
            "var": 1.72, 
            "values": [
                {
                    "cluster": "cluster_0", 
                    "value": 436.03861003861005
                }, 
                {
                    "cluster": "cluster_1", 
                    "value": 435.58455114822544
                }, 
                {
                    "cluster": "cluster_2", 
                    "value": 436.51807228915663
                }, 
                {
                    "cluster": "cluster_3", 
                    "value": 437.96658415841586
                }, 
                {
                    "cluster": "cluster_4", 
                    "value": 439.11347517730496
                }, 
                {
                    "cluster": "cluster_5", 
                    "value": 437.25714285714287
                }
            ]
        }, 
        {
            "variable": "cluster_size", 
            "var": 41545.9, 
            "values": [
                {
                    "cluster": "cluster_3", 
                    "value": 808
                }, 
                {
                    "cluster": "cluster_5", 
                    "value": 700
                }, 
                {
                    "cluster": "cluster_2", 
                    "value": 664
                }, 
                {
                    "cluster": "cluster_1", 
                    "value": 479
                }, 
                {
                    "cluster": "cluster_4", 
                    "value": 423
                }, 
                {
                    "cluster": "cluster_0", 
                    "value": 259
                }
            ]
        }
    ]
}