{
    "ratio_total_min": {
        "distribution": [
            0.10584518167456557, 
            0.10426540284360189, 
            0.10584518167456557, 
            0.10584518167456557, 
            0.10426540284360189, 
            0.10584518167456557, 
            0.10584518167456557, 
            0.10426540284360189, 
            0.10584518167456557, 
            0.052132701421800945
        ], 
        "scale": [
            0.08881758441312093, 
            0.09292853548521274, 
            0.09593753171883491, 
            0.09809584197548614, 
            0.10032847327012943, 
            0.10260791704653031, 
            0.1050143281909865, 
            0.10754024504221557, 
            0.1119571700698953, 
            0.1200447754818829
        ]
    }, 
    "Int'l Plan": {
        "distribution": [
            0.9054054054054054, 
            0.0945945945945946
        ], 
        "scale": [
            0.0, 
            1.0
        ]
    }, 
    "CustServ Calls": {
        "distribution": [
            0.22072072072072071, 
            0.3483483483483483, 
            0.24024024024024024, 
            0.12912912912912913, 
            0.03303303303303303, 
            0.021021021021021023, 
            0.003003003003003003, 
            0.003003003003003003, 
            0.0015015015015015015
        ], 
        "scale": [
            0.0, 
            1.0, 
            2.0, 
            3.0, 
            4.0, 
            5.0, 
            6.0, 
            7.0, 
            8.0
        ]
    }, 
    "State": {
        "distribution": [
            0.0125, 
            0.0225, 
            0.0275, 
            0.02, 
            0.01, 
            0.0175, 
            0.03, 
            0.0275, 
            0.0275, 
            0.02, 
            0.02, 
            0.01, 
            0.005, 
            0.0225, 
            0.0175, 
            0.0175, 
            0.0075, 
            0.025, 
            0.01, 
            0.015, 
            0.0175, 
            0.01, 
            0.025, 
            0.0275, 
            0.0075, 
            0.02, 
            0.025, 
            0.0225, 
            0.02, 
            0.02, 
            0.0175, 
            0.0275, 
            0.015, 
            0.02, 
            0.045, 
            0.025, 
            0.0175, 
            0.015, 
            0.0075, 
            0.0325, 
            0.0125, 
            0.0225, 
            0.02, 
            0.03, 
            0.02, 
            0.0175, 
            0.025, 
            0.01, 
            0.02, 
            0.0175, 
            0.0225
        ], 
        "scale": [
            "AK", 
            "AL", 
            "AR", 
            "AZ", 
            "CA", 
            "CO", 
            "CT", 
            "DC", 
            "DE", 
            "FL", 
            "GA", 
            "HI", 
            "IA", 
            "ID", 
            "IL", 
            "IN", 
            "KS", 
            "KY", 
            "LA", 
            "MA", 
            "MD", 
            "ME", 
            "MI", 
            "MN", 
            "MO", 
            "MS", 
            "MT", 
            "NC", 
            "ND", 
            "NE", 
            "NH", 
            "NJ", 
            "NM", 
            "NV", 
            "NY", 
            "OH", 
            "OK", 
            "OR", 
            "PA", 
            "RI", 
            "SC", 
            "SD", 
            "TN", 
            "TX", 
            "UT", 
            "VA", 
            "VT", 
            "WA", 
            "WI", 
            "WV", 
            "WY"
        ]
    }, 
    "VMail Message": {
        "distribution": [
            0.0, 
            0.0, 
            0.0, 
            0.0, 
            0.0, 
            0.0, 
            0.7492492492492493, 
            0.09009009009009009, 
            0.10510510510510511, 
            0.05555555555555555
        ], 
        "scale": [
            0.0, 
            0.0, 
            0.0, 
            0.0, 
            0.0, 
            0.0, 
            10.5, 
            25.0, 
            32.5, 
            42.5
        ]
    }, 
    "Night_Mins": {
        "distribution": [
            0.10584518167456557, 
            0.10426540284360189, 
            0.10584518167456557, 
            0.10268562401263823, 
            0.10742496050552923, 
            0.10584518167456557, 
            0.10584518167456557, 
            0.10426540284360189, 
            0.10584518167456557, 
            0.052132701421800945
        ], 
        "scale": [
            138.7555, 
            160.614, 
            175.7545, 
            188.957, 
            201.4905, 
            214.91199999999998, 
            229.73650000000006, 
            244.4985000000001, 
            267.7785000000001, 
            324.09500000000014
        ]
    }, 
    "Intl_Mins": {
        "distribution": [
            0.10584518167456557, 
            0.09794628751974724, 
            0.10900473933649289, 
            0.09794628751974724, 
            0.11058451816745656, 
            0.09320695102685624, 
            0.12006319115323855, 
            0.10426540284360189, 
            0.10900473933649289, 
            0.052132701421800945
        ], 
        "scale": [
            6.802000000000001, 
            8.066500000000001, 
            9.0, 
            9.65, 
            10.3, 
            11.0, 
            11.7, 
            12.599999999999998, 
            13.814500000000008, 
            16.714500000000008
        ]
    }, 
    "Account Length": {
        "distribution": [
            0.10725552050473186, 
            0.0914826498422713, 
            0.11829652996845426, 
            0.10252365930599369, 
            0.09936908517350158, 
            0.11041009463722397, 
            0.10410094637223975, 
            0.10410094637223975, 
            0.10883280757097792, 
            0.05362776025236593
        ], 
        "scale": [
            47.66500000000001, 
            66.66500000000002, 
            79.28500000000001, 
            90.28500000000001, 
            100.0, 
            111.0, 
            122.0, 
            133.0, 
            154.0, 
            197.0
        ]
    }, 
    "Eve_Mins": {
        "distribution": [
            0.10584518167456557, 
            0.10426540284360189, 
            0.10584518167456557, 
            0.10584518167456557, 
            0.10268562401263823, 
            0.10742496050552923, 
            0.10584518167456557, 
            0.10426540284360189, 
            0.10584518167456557, 
            0.052132701421800945
        ], 
        "scale": [
            131.4105, 
            157.1655, 
            174.061, 
            187.59750000000003, 
            199.369, 
            211.7715, 
            225.37400000000002, 
            240.836, 
            266.7555000000003, 
            317.87200000000036
        ]
    }, 
    "Eve Calls": {
        "distribution": [
            0.10551181102362205, 
            0.10393700787401575, 
            0.10866141732283464, 
            0.10236220472440945, 
            0.08818897637795275, 
            0.10393700787401575, 
            0.10866141732283464, 
            0.10393700787401575, 
            0.12283464566929134, 
            0.05196850393700787
        ], 
        "scale": [
            73.5, 
            84.0, 
            90.28500000000001, 
            95.28500000000001, 
            100.5, 
            105.5, 
            111.0, 
            117.0, 
            126.6450000000001, 
            151.6450000000001
        ]
    }, 
    "Total_min": {
        "distribution": [
            0.10584518167456557, 
            0.10426540284360189, 
            0.10584518167456557, 
            0.10584518167456557, 
            0.10426540284360189, 
            0.10584518167456557, 
            0.10584518167456557, 
            0.10426540284360189, 
            0.10584518167456557, 
            0.052132701421800945
        ], 
        "scale": [
            467.27, 
            516.48, 
            546.697, 
            569.2255, 
            591.6785, 
            616.6030000000001, 
            642.863, 
            669.4305000000002, 
            708.7240000000004, 
            779.1560000000003
        ]
    }, 
    "Eve_Charge": {
        "distribution": [
            0.10584518167456557, 
            0.10426540284360189, 
            0.10584518167456557, 
            0.10584518167456557, 
            0.10110584518167456, 
            0.10900473933649289, 
            0.10426540284360189, 
            0.10584518167456557, 
            0.10584518167456557, 
            0.052132701421800945
        ], 
        "scale": [
            11.1675, 
            13.3568, 
            14.79635, 
            15.9488, 
            16.94595, 
            17.997149999999998, 
            19.15715, 
            20.473350000000003, 
            22.67330000000003, 
            27.01995000000003
        ]
    }, 
    "Day_Mins": {
        "distribution": [
            0.10725552050473186, 
            0.10410094637223975, 
            0.10410094637223975, 
            0.10725552050473186, 
            0.10410094637223975, 
            0.1056782334384858, 
            0.1056782334384858, 
            0.10410094637223975, 
            0.1056782334384858, 
            0.052050473186119876
        ], 
        "scale": [
            104.4325, 
            132.57750000000001, 
            150.495, 
            165.33800000000002, 
            180.42850000000004, 
            195.0765, 
            210.041, 
            227.22200000000004, 
            254.18150000000003, 
            302.71450000000004
        ]
    }, 
    "Intl_Charge": {
        "distribution": [
            0.10584518167456557, 
            0.09794628751974724, 
            0.10900473933649289, 
            0.09794628751974724, 
            0.11058451816745656, 
            0.09320695102685624, 
            0.12006319115323855, 
            0.10426540284360189, 
            0.10900473933649289, 
            0.052132701421800945
        ], 
        "scale": [
            1.83895, 
            2.1783, 
            2.4299999999999997, 
            2.605, 
            2.7800000000000002, 
            2.9699999999999998, 
            3.16, 
            3.4050000000000002, 
            3.7329000000000017, 
            4.512900000000002
        ]
    }, 
    "Day Calls": {
        "distribution": [
            0.10252365930599369, 
            0.10252365930599369, 
            0.10883280757097792, 
            0.09305993690851735, 
            0.11829652996845426, 
            0.09779179810725552, 
            0.11514195583596215, 
            0.09936908517350158, 
            0.11041009463722397, 
            0.052050473186119876
        ], 
        "scale": [
            73.0, 
            82.5, 
            89.5, 
            95.0, 
            100.0, 
            105.5, 
            110.52500000000009, 
            117.02500000000009, 
            127.6450000000001, 
            149.6450000000001
        ]
    }, 
    "Total_Charge": {
        "distribution": [
            0.10584518167456557, 
            0.10426540284360189, 
            0.10584518167456557, 
            0.10584518167456557, 
            0.10426540284360189, 
            0.10584518167456557, 
            0.10426540284360189, 
            0.10584518167456557, 
            0.10584518167456557, 
            0.052132701421800945
        ], 
        "scale": [
            45.15785000000001, 
            50.16355000000001, 
            53.6559, 
            56.7254, 
            59.53835000000001, 
            62.39290000000001, 
            65.27430000000001, 
            68.47675000000001, 
            73.1582, 
            81.51644999999999
        ]
    }, 
    "cluster_labels": {
        "distribution": [
            0.07957957957957958, 
            0.23573573573573572, 
            0.14114114114114115, 
            0.18468468468468469, 
            0.10960960960960961, 
            0.1921921921921922, 
            0.057057057057057055
        ], 
        "scale": [
            "cluster_0", 
            "cluster_1", 
            "cluster_2", 
            "cluster_3", 
            "cluster_4", 
            "cluster_5", 
            "cluster_6"
        ]
    }, 
    "Night_Charge": {
        "distribution": [
            0.10584518167456557, 
            0.10268562401263823, 
            0.10742496050552923, 
            0.10268562401263823, 
            0.10742496050552923, 
            0.10584518167456557, 
            0.10584518167456557, 
            0.10426540284360189, 
            0.10584518167456557, 
            0.052132701421800945
        ], 
        "scale": [
            6.245050000000001, 
            7.22665, 
            7.907850000000001, 
            8.50285, 
            9.06905, 
            9.6712, 
            10.337900000000003, 
            11.004100000000005, 
            12.050600000000006, 
            14.582250000000005
        ]
    }, 
    "Night Calls": {
        "distribution": [
            0.10252365930599369, 
            0.09936908517350158, 
            0.11041009463722397, 
            0.10094637223974763, 
            0.10252365930599369, 
            0.09936908517350158, 
            0.11356466876971609, 
            0.10094637223974763, 
            0.11829652996845426, 
            0.052050473186119876
        ], 
        "scale": [
            72.0, 
            82.0, 
            89.5, 
            95.5, 
            100.5, 
            105.0, 
            110.0, 
            116.0, 
            125.1450000000001, 
            153.1450000000001
        ]
    }, 
    "Intl Calls": {
        "distribution": [
            0.04675716440422323, 
            0.16289592760180996, 
            0.0, 
            0.19004524886877827, 
            0.0, 
            0.18099547511312217, 
            0.13423831070889894, 
            0.11613876319758673, 
            0.09502262443438914, 
            0.07390648567119155
        ], 
        "scale": [
            1.5, 
            2.5, 
            3.0, 
            3.5, 
            4.0, 
            4.5, 
            5.5, 
            6.5, 
            8.0, 
            14.0
        ]
    }, 
    "Area Code": {
        "distribution": [
            0.26426426426426425, 
            0.48348348348348347, 
            0.25225225225225223
        ], 
        "scale": [
            408.0, 
            415.0, 
            510.0
        ]
    }, 
    "VMail Plan": {
        "distribution": [
            0.7282282282282282, 
            0.27177177177177175
        ], 
        "scale": [
            0.0, 
            1.0
        ]
    }, 
    "Day_Charge": {
        "distribution": [
            0.10725552050473186, 
            0.10410094637223975, 
            0.10410094637223975, 
            0.10725552050473186, 
            0.10410094637223975, 
            0.1056782334384858, 
            0.1056782334384858, 
            0.10410094637223975, 
            0.1056782334384858, 
            0.052050473186119876
        ], 
        "scale": [
            17.7532, 
            22.53745, 
            25.58425, 
            28.1107, 
            30.673800000000004, 
            33.16315, 
            35.706050000000005, 
            38.626050000000006, 
            43.2115, 
            51.46145
        ]
    }
}