{
    "rawImportance": {
        "variables": [
            "CustServ Calls", 
            "Day Calls", 
            "Day_Mins", 
            "Eve_Mins", 
            "Intl Calls", 
            "Intl_Mins", 
            "Total_Charge", 
            "VMail Message", 
            "dummy:cluster_labels:cluster_0", 
            "dummy:cluster_labels:cluster_6"
        ], 
        "importances": [
            0.21693464248491495, 
            0.004796733593677902, 
            0.0037008693382440954, 
            0.0035802046738788334, 
            0.019800079993344644, 
            0.06620779648128562, 
            0.08631725091998758, 
            0.005185994428616615, 
            0.23082587161666504, 
            0.36265055646938477
        ]
    }, 
    "probaAware": true, 
    "modelInputNRows": 2667, 
    "modelInputNCols": 83, 
    "modelInputMemory": 1770888, 
    "modelInputIsSparse": false
}