{
  "algorithm": "DECISION_TREE_CLASSIFICATION",
  "dtc_classifier_grid": {
    "enabled": true,
    "max_depth": {
      "values": [
        5
      ],
      "nValues": 0,
      "gridMode": "EXPLICIT"
    },
    "min_samples_leaf": {
      "values": [
        1
      ],
      "nValues": 0,
      "gridMode": "EXPLICIT"
    },
    "criterion": {
      "values": {
        "entropy": {
          "enabled": false
        },
        "gini": {
          "enabled": true
        }
      }
    },
    "splitter": {
      "values": {
        "best": {
          "enabled": true
        },
        "random": {
          "enabled": false
        }
      }
    }
  },
  "max_ensemble_nodes_serialized": 0,
  "metrics": {
    "evaluationMetric": "ROC_AUC",
    "customEvaluationMetricGIB": true,
    "customEvaluationMetricNeedsProba": false,
    "thresholdOptimizationMetric": "F1",
    "costMatrixWeights": {
      "tpGain": 1.0,
      "tnGain": 0.0,
      "fpGain": -0.3,
      "fnGain": 0.0
    },
    "liftPoint": 0.4
  },
  "autoOptimizeThreshold": true,
  "forcedClassifierThreshold": 0.0,
  "gridLength": 1,
  "grid_search_params": {
    "mode": "KFOLD",
    "splitRatio": 0.8,
    "shuffleIterations": 1,
    "nFolds": 3,
    "stratified": true,
    "strategy": "GRID",
    "randomized": true,
    "nIter": 0,
    "timeout": 0,
    "nJobs": 4
  },
  "pluginAlgoCustomGridSearch": false,
  "computeLearningCurves": false,
  "skipExpensiveReports": false
}