{
  "state": "DONE",
  "preSearchDescription": {
    "gridLength": 1,
    "importantParams": [
      {
        "name": "max_depth",
        "vals": [
          "5"
        ]
      },
      {
        "name": "min_samples",
        "vals": [
          "1"
        ]
      },
      {
        "name": "criterion",
        "vals": [
          "gini"
        ]
      }
    ]
  },
  "postSearchDescription": {
    "importantParams": [
      {
        "name": "criterion",
        "val": "gini"
      },
      {
        "name": "max_depth",
        "val": "5"
      },
      {
        "name": "min_samples",
        "val": "1"
      }
    ]
  },
  "timeOrderingEnabled": false,
  "sampleWeightsEnabled": false,
  "modelId": "m1",
  "progress": {
    "top_level_todo": [],
    "stack": [],
    "top_level_done": [
      {
        "name": "Loading train set",
        "time": 18
      },
      {
        "name": "Loading test set",
        "time": 7
      },
      {
        "name": "Collecting statistics",
        "time": 29
      },
      {
        "name": "Preprocessing train set",
        "time": 42
      },
      {
        "name": "Preprocessing test set",
        "time": 46
      },
      {
        "name": "Fitting model",
        "time": 25
      },
      {
        "name": "Saving model",
        "time": 2
      },
      {
        "name": "Scoring model",
        "time": 287
      }
    ]
  },
  "startTime": 1592643740567,
  "endTime": 1592643741097,
  "preprocessingTime": 144,
  "trainingTime": 386
}