{
    "featureNames": [
        "Account Length", 
        "Area Code", 
        "CustServ Calls", 
        "Day Calls", 
        "Day_Charge", 
        "Day_Mins", 
        "Eve Calls", 
        "Eve_Charge", 
        "Eve_Mins", 
        "Int'l Plan", 
        "Intl Calls", 
        "Intl_Charge", 
        "Intl_Mins", 
        "Night Calls", 
        "Night_Charge", 
        "Night_Mins", 
        "Total_Charge", 
        "Total_min", 
        "VMail Message", 
        "VMail Plan", 
        "ratio_total_min", 
        "dummy:State:WV", 
        "dummy:State:MN", 
        "dummy:State:WI", 
        "dummy:State:OR", 
        "dummy:State:AL", 
        "dummy:State:VA", 
        "dummy:State:MI", 
        "dummy:State:NY", 
        "dummy:State:OH", 
        "dummy:State:WY", 
        "dummy:State:NC", 
        "dummy:State:WA", 
        "dummy:State:CT", 
        "dummy:State:IN", 
        "dummy:State:MO", 
        "dummy:State:MA", 
        "dummy:State:KS", 
        "dummy:State:UT", 
        "dummy:State:CO", 
        "dummy:State:ID", 
        "dummy:State:TX", 
        "dummy:State:VT", 
        "dummy:State:NJ", 
        "dummy:State:ME", 
        "dummy:State:MD", 
        "dummy:State:SC", 
        "dummy:State:NV", 
        "dummy:State:NE", 
        "dummy:State:MS", 
        "dummy:State:MT", 
        "dummy:State:FL", 
        "dummy:State:NM", 
        "dummy:State:IL", 
        "dummy:State:OK", 
        "dummy:State:ND", 
        "dummy:State:DE", 
        "dummy:State:AZ", 
        "dummy:State:LA", 
        "dummy:State:SD", 
        "dummy:State:KY", 
        "dummy:State:NH", 
        "dummy:State:HI", 
        "dummy:State:AK", 
        "dummy:State:DC", 
        "dummy:State:AR", 
        "dummy:State:PA", 
        "dummy:State:GA", 
        "dummy:State:RI", 
        "dummy:State:TN", 
        "dummy:State:IA", 
        "dummy:State:CA", 
        "dummy:State:N/A", 
        "dummy:State:__Others__", 
        "dummy:cluster_labels:cluster_1", 
        "dummy:cluster_labels:cluster_3", 
        "dummy:cluster_labels:cluster_5", 
        "dummy:cluster_labels:cluster_2", 
        "dummy:cluster_labels:cluster_4", 
        "dummy:cluster_labels:cluster_0", 
        "dummy:cluster_labels:cluster_6", 
        "dummy:cluster_labels:N/A", 
        "dummy:cluster_labels:__Others__"
    ], 
    "tree": {
        "rightChild": [
            22, 
            15, 
            10, 
            7, 
            6, 
            -1, 
            -1, 
            9, 
            -1, 
            -1, 
            12, 
            -1, 
            14, 
            -1, 
            -1, 
            17, 
            -1, 
            19, 
            -1, 
            21, 
            -1, 
            -1, 
            -1
        ], 
        "impurity": [
            0.4999999999999567, 
            0.45485209541600535, 
            0.3548638244688954, 
            0.17398723644475256, 
            0.13843910095700007, 
            0.12908821738965381, 
            0.49272162353626126, 
            0.3068436728333679, 
            0.3554773956928603, 
            0.0, 
            0.3345839890661335, 
            0.0, 
            0.4677463311578973, 
            0.16376685999402774, 
            2.3314683517128287e-15, 
            0.26840611957149396, 
            0.0, 
            0.1722871162147841, 
            2.220446049250313e-16, 
            0.42284453976026704, 
            0.0, 
            -1.3322676295501878e-15, 
            -1.3500311979441904e-13
        ], 
        "probas": [
            [
                0.5000000000000101, 
                0.49999999999999
            ], 
            [
                0.6502463054187284, 
                0.34975369458127165
            ], 
            [
                0.7693846464918853, 
                0.2306153535081147
            ], 
            [
                0.9037404881574665, 
                0.09625951184253348
            ], 
            [
                0.9251828424589863, 
                0.07481715754101383
            ], 
            [
                0.9306459001374277, 
                0.0693540998625724
            ], 
            [
                0.4396743153219837, 
                0.5603256846780162
            ], 
            [
                0.8107702746134356, 
                0.1892297253865644
            ], 
            [
                0.768814624143799, 
                0.23118537585620097
            ], 
            [
                1.0, 
                0.0
            ], 
            [
                0.21241000457780151, 
                0.7875899954221984
            ], 
            [
                0.0, 
                1.0
            ], 
            [
                0.37300852618757585, 
                0.626991473812424
            ], 
            [
                0.9100202068227743, 
                0.08997979317722574
            ], 
            [
                0.0, 
                1.0
            ], 
            [
                0.15971050528372233, 
                0.8402894947162776
            ], 
            [
                0.0, 
                1.0
            ], 
            [
                0.9047918500817507, 
                0.09520814991824929
            ], 
            [
                1.0, 
                0.0
            ], 
            [
                0.3035878564857406, 
                0.6964121435142594
            ], 
            [
                0.0, 
                1.0
            ], 
            [
                1.0, 
                0.0
            ], 
            [
                0.0, 
                1.0
            ]
        ], 
        "feature": [
            80, 
            2, 
            79, 
            3, 
            18, 
            -2, 
            -2, 
            8, 
            -2, 
            -2, 
            10, 
            -2, 
            12, 
            -2, 
            -2, 
            16, 
            -2, 
            79, 
            -2, 
            5, 
            -2, 
            -2, 
            -2
        ], 
        "leftChild": [
            1, 
            2, 
            3, 
            4, 
            5, 
            -1, 
            -1, 
            8, 
            -1, 
            -1, 
            11, 
            -1, 
            13, 
            -1, 
            -1, 
            16, 
            -1, 
            18, 
            -1, 
            20, 
            -1, 
            -1, 
            -1
        ], 
        "threshold": [
            0.5, 
            3.500000012962218, 
            0.5, 
            119.49999991885099, 
            43.50000005420954, 
            -2.0, 
            -2.0, 
            240.14999993964926, 
            -2.0, 
            -2.0, 
            2.5000000025117766, 
            -2.0, 
            13.099999889681165, 
            -2.0, 
            -2.0, 
            56.7100000184619, 
            -2.0, 
            0.5, 
            -2.0, 
            187.49999974948105, 
            -2.0, 
            -2.0, 
            -2.0
        ], 
        "nSamples": [
            2666.999999999943, 
            2050.7613636364354, 
            1650.0156368840928, 
            1329.345212361445, 
            1080.2091989912678, 
            1068.1896741523901, 
            12.019524838877544, 
            249.1360133701637, 
            203.92267123013622, 
            45.213342140026406, 
            320.6704245226377, 
            138.06439393939408, 
            182.60603058324386, 
            74.84845482566749, 
            107.75757575757584, 
            400.74572675233213, 
            330.00757575757626, 
            70.738150994756, 
            61.067371202113584, 
            9.670779792642406, 
            6.734848484848484, 
            2.9359313077939238, 
            616.2386363636374
        ]
    }
}